:simple_smile:,https://a.slack-edge.com/66f9/img/emoji_2015/apple-old/simple_smile.png,,1
:metal:,https://emoji.slack-edge.com/T024FKZ2C/metal/9f936a4278.png,,1
:android:,https://emoji.slack-edge.com/T024FKZ2C/android/70c0ff10cd173f81.png,,0
:doggiraffe:,https://emoji.slack-edge.com/T024FKZ2C/doggiraffe/c19ff7ce0aa22cec.png,,1
:boooom:,https://emoji.slack-edge.com/T024FKZ2C/boooom/71fde314ab338e08.gif,,1
:strong:,https://emoji.slack-edge.com/T024FKZ2C/strong/ff87d52ff3ada65b.png,,1
:wat:,https://emoji.slack-edge.com/T024FKZ2C/wat/cdb8ba9052c858a8.png,,-1
:facepalm:,https://emoji.slack-edge.com/T024FKZ2C/facepalm/188355b81b3b2f58.gif,,-1
:plus1000:,https://emoji.slack-edge.com/T024FKZ2C/plus1000/6807405f696936db.png,,1
:trollface: :troll:,https://emoji.slack-edge.com/T024FKZ2C/trollface/8c0ac4ae98.png,,0
:upsidedowndoggiraffe:,https://emoji.slack-edge.com/T024FKZ2C/upsidedowndoggiraffe/6f15e4def9789269.png,,0
:allthethings:,https://emoji.slack-edge.com/T024FKZ2C/allthethings/d1982b54fe216d76.png,,0
:romain:,https://emoji.slack-edge.com/T024FKZ2C/romain/a9ca81989a6790e7.png,,0
:poppop:,https://emoji.slack-edge.com/T024FKZ2C/poppop/64b90b37bd798c80.gif,,0
:bacon:,https://emoji.slack-edge.com/T024FKZ2C/bacon/d7d9da7abb6d193c.png,,1
:squirrel: :shipit:,https://emoji.slack-edge.com/T024FKZ2C/squirrel/465f40c0e0.png,,0
:200:,https://emoji.slack-edge.com/T024FKZ2C/200/7e66e3d27d00dee1.png,,1
:4thofjuly-ricky:,https://emoji.slack-edge.com/T024FKZ2C/4thofjuly-ricky/54f79418f931da59.png,,1
:5rings:,https://emoji.slack-edge.com/T024FKZ2C/5rings/d199fa56514c4ed8.gif,,1
:aapl:,https://emoji.slack-edge.com/T024FKZ2C/aapl/58265fbb19f08239.png,,0
:adele:,https://emoji.slack-edge.com/T024FKZ2C/adele/e1a63b8f77723b2e.jpg,,0
:adele-total:,https://emoji.slack-edge.com/T024FKZ2C/adele-total/fdf0c80bc77b2ac4.png,,1
:ahha: :alan:,https://emoji.slack-edge.com/T024FKZ2C/ahha/b174625c548c129d.jpg,,1
:aintnobody:,https://emoji.slack-edge.com/T024FKZ2C/aintnobody/9a92f975b0901fab.jpg,,-1
:al:,https://emoji.slack-edge.com/T024FKZ2C/al/053621deab23c611.png,,0
:alexey:,https://emoji.slack-edge.com/T024FKZ2C/alexey/be2a0384d7b904e2.png,,0
:allthethings:,https://emoji.slack-edge.com/T024FKZ2C/allthethings/d1982b54fe216d76.png,,0
:anastasia:,https://emoji.slack-edge.com/T024FKZ2C/anastasia/1db051cad0731793.png,,0
:android:,https://emoji.slack-edge.com/T024FKZ2C/android/70c0ff10cd173f81.png,,0
:angel-ricky:,https://emoji.slack-edge.com/T024FKZ2C/angel-ricky/5e3d1882c6313c75.png,,1
:angrycal:,https://emoji.slack-edge.com/T024FKZ2C/angrycal/aa9c8c4ab41d7da7.gif,,-1
:anus:,https://emoji.slack-edge.com/T024FKZ2C/anus/0df04292fc6caa28.png,,1
:average:,https://emoji.slack-edge.com/T024FKZ2C/average/4efacaa43c4e4e50.png,,-1
:awesome:,https://emoji.slack-edge.com/T024FKZ2C/awesome/f1b8eeac5d7883fd.png,,1
:back2school-ricky:,https://emoji.slack-edge.com/T024FKZ2C/back2school-ricky/8961145b237155c8.png,,1
:bacon:,https://emoji.slack-edge.com/T024FKZ2C/bacon/d7d9da7abb6d193c.png,,1
:badass:,https://emoji.slack-edge.com/T024FKZ2C/badass/1353c006ce22a560.png,,1
:badtime:,https://emoji.slack-edge.com/T024FKZ2C/badtime/5efc6f72f7e12040.png,,-1
:baguette:,https://emoji.slack-edge.com/T024FKZ2C/baguette/4e39156da86d0561.png,,1
:bald-ricky:,https://emoji.slack-edge.com/T024FKZ2C/bald-ricky/a7eb33e3e5b574a4.png,,0
:ballmer:,https://emoji.slack-edge.com/T024FKZ2C/ballmer/dd62df98f5864a18.gif,,0
:bandit:,https://emoji.slack-edge.com/T024FKZ2C/bandit/65d3bf33b4c0cebf.png,,1
:bang_head:,https://emoji.slack-edge.com/T024FKZ2C/bang_head/889fe067a708ac4b.gif,,0
:baron:,https://emoji.slack-edge.com/T024FKZ2C/baron/edba2c2228191b53.png,,0
:batman:,https://emoji.slack-edge.com/T024FKZ2C/batman/2c273558ddf3e0a2.png,,1
:batman-ricky:,https://emoji.slack-edge.com/T024FKZ2C/batman-ricky/cc3ed6510e8abf04.png,,1
:beachball:,https://emoji.slack-edge.com/T024FKZ2C/beachball/7687b66a0b5fd0fc.png,,0
:beiber:,https://emoji.slack-edge.com/T024FKZ2C/beiber/0e6fe2ceb4f8b781.png,,-1
:beryl:,https://emoji.slack-edge.com/T024FKZ2C/beryl/efe1ba7e7a.png,,0
:beyonce:,https://emoji.slack-edge.com/T024FKZ2C/beyonce/4334ebca6c6be93c.jpg,,1
:bigfreda:,https://emoji.slack-edge.com/T024FKZ2C/bigfreda/143f272b82ec2708.png,,1
:blackmamba:,https://emoji.slack-edge.com/T024FKZ2C/blackmamba/49607bf5be835759.png,,1
:bobross:,https://emoji.slack-edge.com/T024FKZ2C/bobross/d803202afbaa01da.png,,1
:bolt-: :bolt-power:,https://emoji.slack-edge.com/T024FKZ2C/bolt-/d889656182439c24.png,,1
:boooom:,https://emoji.slack-edge.com/T024FKZ2C/boooom/71fde314ab338e08.gif,,1
:booooom:,https://emoji.slack-edge.com/T024FKZ2C/booooom/07303df55af18f20.gif,,1
:bork:,https://emoji.slack-edge.com/T024FKZ2C/bork/57319d6735d5a57f.png,,-1
:bowdown:,https://emoji.slack-edge.com/T024FKZ2C/bowdown/6415c74b586aba81.gif,,1
:bowie:,https://emoji.slack-edge.com/T024FKZ2C/bowie/5de966679bce7544.jpg,,1
:bowtie:,https://emoji.slack-edge.com/T024FKZ2C/bowtie/f3ec6f2bb0.png,,1
:brent:,https://emoji.slack-edge.com/T024FKZ2C/brent/7303e7ae7ec91496.jpg,,-1
:brew:,https://emoji.slack-edge.com/T024FKZ2C/brew/5ba297ee7fd0ffea.png,,0
:brfc:,https://emoji.slack-edge.com/T024FKZ2C/brfc/ae0fc4c98c7096b7.gif,,0
:british-amy:,https://emoji.slack-edge.com/T024FKZ2C/british-amy/6b14a4e700d1d520.png,,1
:bucket:,https://emoji.slack-edge.com/T024FKZ2C/bucket/a0bd1582f3bf4926.png,,0
:burrito2:,https://emoji.slack-edge.com/T024FKZ2C/burrito2/9ab72ffe04ee9882.png,,1
:cal:,https://emoji.slack-edge.com/T024FKZ2C/cal/475a1d308dc18ac3.png,,0
:calloohcallay:,https://emoji.slack-edge.com/T024FKZ2C/calloohcallay/0fce1915286ee08d.png,,1
:cannon-goes-boom:,https://emoji.slack-edge.com/T024FKZ2C/cannon-goes-boom/98e9d58191aba812.gif,,1
:captain:,https://emoji.slack-edge.com/T024FKZ2C/captain/d4e2638a30aceb5b.png,,1
:captain-ricky:,https://emoji.slack-edge.com/T024FKZ2C/captain-ricky/8662617c4877da48.png,,1
:ceilingcat:,https://emoji.slack-edge.com/T024FKZ2C/ceilingcat/27a16309aa46563e.png,,1
:challengeaccepted:,https://emoji.slack-edge.com/T024FKZ2C/challengeaccepted/171f5d012165d918.png,,1
:charlie:,https://emoji.slack-edge.com/T024FKZ2C/charlie/d9d50d34f640b253.png,,0
:cheese:,https://emoji.slack-edge.com/T024FKZ2C/cheese/22af02e520a65650.png,,0
:chef:,https://emoji.slack-edge.com/T024FKZ2C/chef/8243a9b0cc3ab70c.png,,0
:chef-ryan:,https://emoji.slack-edge.com/T024FKZ2C/chef-ryan/908474283cbb8f76.png,,0
:chimarrao:,https://emoji.slack-edge.com/T024FKZ2C/chimarrao/416e48cb090614af.png,,0
:christian-m:,https://emoji.slack-edge.com/T024FKZ2C/christian-m/725b0bbe5bff33f1.png,,0
:christmas-alice:,https://emoji.slack-edge.com/T024FKZ2C/christmas-alice/d3b460bfdce0f99a.png,,1
:christmas-cal:,https://emoji.slack-edge.com/T024FKZ2C/christmas-cal/b58cd4809bdee3e7.png,,1
:christmas-gal:,https://emoji.slack-edge.com/T024FKZ2C/christmas-gal/f8d7243a5c26d962.png,,1
:christmas-nina:,https://emoji.slack-edge.com/T024FKZ2C/christmas-nina/f6c229cc76686856.png,,1
:christmas-ricky:,https://emoji.slack-edge.com/T024FKZ2C/christmas-ricky/d8a7596dfd0d9c04.png,,1
:cincodemayo-ricky:,https://emoji.slack-edge.com/T024FKZ2C/cincodemayo-ricky/8c33924b9922d317.png,,1
:code:,https://emoji.slack-edge.com/T024FKZ2C/code/1169b20d71e1a987.png,,0
:commerce:,https://emoji.slack-edge.com/T024FKZ2C/commerce/cefbe2a3af6f42e2.png,,1
:cookiemonster:,https://emoji.slack-edge.com/T024FKZ2C/cookiemonster/05927db92c1c28fe.png,,0
:cookingoncalor:,https://emoji.slack-edge.com/T024FKZ2C/cookingoncalor/c81184435fcdd2ee.png,,1
:craigdavid:,https://emoji.slack-edge.com/T024FKZ2C/craigdavid/ced475d6ebac4703.png,,1
:criminal-amy:,https://emoji.slack-edge.com/T024FKZ2C/criminal-amy/62e6eaa16d4985a1.png,,1
:cubimal_chick:,https://emoji.slack-edge.com/T024FKZ2C/cubimal_chick/85961c43d7.png,,0
:cuppa:,https://emoji.slack-edge.com/T024FKZ2C/cuppa/51cdcdb48950bc0e.jpg,,1
:daria:,https://emoji.slack-edge.com/T024FKZ2C/daria/2228e85a8072dff5.png,,0
:datawarrior:,https://emoji.slack-edge.com/T024FKZ2C/datawarrior/6e1220738b3e1c6d.png,,0
:davefromgoogle:,https://emoji.slack-edge.com/T024FKZ2C/davefromgoogle/69dc4da0921fecf7.png,,0
:dealwithit:,https://emoji.slack-edge.com/T024FKZ2C/dealwithit/22896de5e47b191e.gif,,0
:dean:,https://emoji.slack-edge.com/T024FKZ2C/dean/3b9311d8aace2a71.png,,0
:debbie-downer:,https://emoji.slack-edge.com/T024FKZ2C/debbie-downer/aacf50bef72cd18e.png,,-1
:derp:,https://emoji.slack-edge.com/T024FKZ2C/derp/978d4c385570d0db.png,,-1
:derpy-derp:,https://emoji.slack-edge.com/T024FKZ2C/derpy-derp/046c6056fefafe79.png,,-1
:desk:,https://emoji.slack-edge.com/T024FKZ2C/desk/e28b9f4b2324f8df.png,,0
:devil:,https://emoji.slack-edge.com/T024FKZ2C/devil/e34559374ad4856e.png,,0
:diplo:,https://emoji.slack-edge.com/T024FKZ2C/diplo/b81df82be2218a2a.png,,0
:diplo-kalyn:,https://emoji.slack-edge.com/T024FKZ2C/diplo-kalyn/608f03ead5f51996.png,,1
:diplo-lydia:,https://emoji.slack-edge.com/T024FKZ2C/diplo-lydia/f50a7cef03ea40a0.png,,1
:disapproval:,https://emoji.slack-edge.com/T024FKZ2C/disapproval/49dc9bb480ce94c3.png,,-1
:dissapear: :disappear:,https://emoji.slack-edge.com/T024FKZ2C/dissapear/03ff09bb2312071d.gif,,0
:diva-ricky:,https://emoji.slack-edge.com/T024FKZ2C/diva-ricky/111841b43215110d.gif,,1
:docker:,https://emoji.slack-edge.com/T024FKZ2C/docker/0b54099958dd359b.png,,0
:dogback:,https://emoji.slack-edge.com/T024FKZ2C/dogback/190426440d6d7cef.png,,0
:doge:,https://emoji.slack-edge.com/T024FKZ2C/doge/4917f18af974c646.png,,0
:dogfront:,https://emoji.slack-edge.com/T024FKZ2C/dogfront/66f0fd99df2fbd56.png,,0
:doggiraffe:,https://emoji.slack-edge.com/T024FKZ2C/doggiraffe/c19ff7ce0aa22cec.png,,1
:dogmiddle:,https://emoji.slack-edge.com/T024FKZ2C/dogmiddle/ece9efd9e1a77a66.png,,0
:dolla-dolla:,https://emoji.slack-edge.com/T024FKZ2C/dolla-dolla/dad44ce8dac92ed9.jpg,,1
:donotwant:,https://emoji.slack-edge.com/T024FKZ2C/donotwant/ba510e329fd4044a.png,,-1
:dontalways:,https://emoji.slack-edge.com/T024FKZ2C/dontalways/94166fd40558d945.png,,1
:dope:,https://emoji.slack-edge.com/T024FKZ2C/dope/1ff09614b3c63bc3.png,,1
:dr-evil:,https://emoji.slack-edge.com/T024FKZ2C/dr-evil/5e97c023a6a15a80.png,,0
:drake_hotline_bling:,https://emoji.slack-edge.com/T024FKZ2C/drake_hotline_bling/93c02ea686ed93cc.jpg,,1
:drool:,https://emoji.slack-edge.com/T024FKZ2C/drool/225c79c2d2078eb8.png,,1
:drum-roll:,https://emoji.slack-edge.com/T024FKZ2C/drum-roll/76eced37091df937.gif,,1
:drumkit:,https://emoji.slack-edge.com/T024FKZ2C/drumkit/6b45d4cefa4667bb.png,,0
:dude:,https://emoji.slack-edge.com/T024FKZ2C/dude/63cf2cc1e8828f01.png,,1
:dusty_stick:,https://emoji.slack-edge.com/T024FKZ2C/dusty_stick/6177a62312.png,,0
:easter-ricky:,https://emoji.slack-edge.com/T024FKZ2C/easter-ricky/81d9636f550193d1.png,,1
:eddie:,https://emoji.slack-edge.com/T024FKZ2C/eddie/9c4f3d5dcd86657e.png,,0
:elba:,https://emoji.slack-edge.com/T024FKZ2C/elba/bb7d25d0863c403b.png,,1
:ellie:,https://emoji.slack-edge.com/T024FKZ2C/ellie/9ec328aa260ca577.jpg,,1
:elvis:,https://emoji.slack-edge.com/T024FKZ2C/elvis/3e0ed2e30b3af360.jpg,,1
:emily:,https://emoji.slack-edge.com/T024FKZ2C/emily/cfb6f8c50ee2ab1f.png,,0
:emo:,https://emoji.slack-edge.com/T024FKZ2C/emo/7adf2e59cca8c29e.gif,,1
:england:,https://emoji.slack-edge.com/T024FKZ2C/england/0fc6e1256521ee31.png,,0
:evil_grin:,https://emoji.slack-edge.com/T024FKZ2C/evil_grin/1eb74d01dc1497b7.gif,,0
:excellent:,https://emoji.slack-edge.com/T024FKZ2C/excellent/77b6e91073e60a4c.png,,1
:face-melt:,https://emoji.slack-edge.com/T024FKZ2C/face-melt/5e3965f68bc78072.gif,,-1
:facepalm:,https://emoji.slack-edge.com/T024FKZ2C/facepalm/188355b81b3b2f58.gif,,-1
:farmer-ricky:,https://emoji.slack-edge.com/T024FKZ2C/farmer-ricky/0d8103e2288a06eb.png,,1
:feelsgood:,https://emoji.slack-edge.com/T024FKZ2C/feelsgood/7bcbaa15fa.png,,1
:finnadie:,https://emoji.slack-edge.com/T024FKZ2C/finnadie/08e66eb46d.png,,0
:firefox:,https://emoji.slack-edge.com/T024FKZ2C/firefox/569d0f55a80c12e0.png,,-1
:flappybird:,https://emoji.slack-edge.com/T024FKZ2C/flappybird/6058e5cbccdad06a.png,,1
:flywheel:,https://emoji.slack-edge.com/T024FKZ2C/flywheel/155038753d7efe24.jpg,,1
:foreveralone:,https://emoji.slack-edge.com/T024FKZ2C/foreveralone/196b066560cae1fc.png,,-1
:fran:,https://emoji.slack-edge.com/T024FKZ2C/fran/17b280a6f53095ba.png,,0
:franta-claus:,https://emoji.slack-edge.com/T024FKZ2C/franta-claus/a3c9866237e74d1e.png,,1
:freda:,https://emoji.slack-edge.com/T024FKZ2C/freda/e9aba1c5bb6b51be.png,,1
:freshpot:,https://emoji.slack-edge.com/T024FKZ2C/freshpot/cff5c139069ff1a4.png,,1
:freshpots:,https://emoji.slack-edge.com/T024FKZ2C/freshpots/7d4cb5481e4c8d82.png,,1
:friar-ricky:,https://emoji.slack-edge.com/T024FKZ2C/friar-ricky/1dd0a46eee2706b1.png,,1
:frida:,https://emoji.slack-edge.com/T024FKZ2C/frida/0ba9ed49adf40dc1.png,,1
:frito:,https://emoji.slack-edge.com/T024FKZ2C/frito/8acd1c51a597745e.png,,1
:fry:,https://emoji.slack-edge.com/T024FKZ2C/fry/1ff553ae32f5a731.png,,0
:fu:,https://emoji.slack-edge.com/T024FKZ2C/fu/2f615de37f.png,,-1
:future:,https://emoji.slack-edge.com/T024FKZ2C/future/864a9660229df0e1.jpg,,0
:gal:,https://emoji.slack-edge.com/T024FKZ2C/gal/8a0086538c7e66b6.png,,0
:garth:,https://emoji.slack-edge.com/T024FKZ2C/garth/84eeb913fe97e661.png,,-1
:githubisdown:,https://emoji.slack-edge.com/T024FKZ2C/githubisdown/121249d71ac88044.png,,0
:glitch_crab:,https://emoji.slack-edge.com/T024FKZ2C/glitch_crab/db049f1f9c.png,,1
:goberserk:,https://emoji.slack-edge.com/T024FKZ2C/goberserk/d8b892d59b.png,,-1
:godmode:,https://emoji.slack-edge.com/T024FKZ2C/godmode/1bd6476fbb.png,,-1
:goldie:,https://emoji.slack-edge.com/T024FKZ2C/goldie/6ac956cf6a321a37.png,,0
:goober-alert:,https://emoji.slack-edge.com/T024FKZ2C/goober-alert/414d94b89c2baf28.png,,0
:gopher:,https://emoji.slack-edge.com/T024FKZ2C/gopher/566e517ff10ad73a.png,,0
:gotta_go_fast:,https://emoji.slack-edge.com/T024FKZ2C/gotta_go_fast/e1d70d4fef1a5597.png,,0
:grinch:,https://emoji.slack-edge.com/T024FKZ2C/grinch/ba2d8e5db44b2c57.png,,-1
:grumpy-amy:,https://emoji.slack-edge.com/T024FKZ2C/grumpy-amy/6304f9c26ae63bde.gif,,-1
:grumpy_pickles:,https://emoji.slack-edge.com/T024FKZ2C/grumpy_pickles/e781c2627cd4d9b0.jpg,,-1
:grumpycat:,https://emoji.slack-edge.com/T024FKZ2C/grumpycat/fce923250de8a6f7.png,,-1
:grumpyricky:,https://emoji.slack-edge.com/T024FKZ2C/grumpyricky/5c930f0e8c256b78.gif,,-1
:gtv:,https://emoji.slack-edge.com/T024FKZ2C/gtv/7e1d2b3a5cdd69e2.png,,0
:gunfinger:,https://emoji.slack-edge.com/T024FKZ2C/gunfinger/36391c5fb1653c84.png,,-1
:haha:,https://emoji.slack-edge.com/T024FKZ2C/haha/bd0a6fbe68f27e49.png,,1
:hanukah-dan:,https://emoji.slack-edge.com/T024FKZ2C/hanukah-dan/be061d1528c2c495.png,,1
:happy-android:,https://emoji.slack-edge.com/T024FKZ2C/happy-android/59c374c70651a7cb.gif,,1
:harvest:,https://emoji.slack-edge.com/T024FKZ2C/harvest/73f7f57c0dd057cf.png,,0
:heidy:,https://emoji.slack-edge.com/T024FKZ2C/heidy/26696f8327fc20ed.png,,1
:hilarious-sean:,https://emoji.slack-edge.com/T024FKZ2C/hilarious-sean/0cdb54b69c0b5132.png,,0
:homer:,https://emoji.slack-edge.com/T024FKZ2C/homer/b7f2f4d9c94cd731.jpg,,0
:hot-dean:,https://emoji.slack-edge.com/T024FKZ2C/hot-dean/71a7cc00b3fe0e26.jpg,,1
:hsu:,https://emoji.slack-edge.com/T024FKZ2C/hsu/b16500eff4ba7575.png,,1
:hug:,https://emoji.slack-edge.com/T024FKZ2C/hug/9b8df63bd2741836.png,,1
:hulk:,https://emoji.slack-edge.com/T024FKZ2C/hulk/48ba3a1a1fc97b3a.jpg,,0
:hurtrealbad:,https://emoji.slack-edge.com/T024FKZ2C/hurtrealbad/b9c3d648e6.png,,-1
:i-am-evil-ricky:,https://emoji.slack-edge.com/T024FKZ2C/i-am-evil-ricky/937b3a6e93e64754.png,,-1
:ian_s:,https://emoji.slack-edge.com/T024FKZ2C/ian_s/3ae243704cbdf4bb.png,,0
:illuminati:,https://emoji.slack-edge.com/T024FKZ2C/illuminati/caac458c1e3071ed.png,,0
:ios_android: :mobile_love:,https://emoji.slack-edge.com/T024FKZ2C/ios_android/e9262f25ec118d0d.png,,0
:iseewhatyoudidthere:,https://emoji.slack-edge.com/T024FKZ2C/iseewhatyoudidthere/5ce49a4268af89ef.jpg,,1
:itsatrap:,https://emoji.slack-edge.com/T024FKZ2C/itsatrap/c52d5450901534f8.png,,-1
:itwasntme:,https://emoji.slack-edge.com/T024FKZ2C/itwasntme/2279e0185f6abdff.gif,,-1
:jackie:,https://emoji.slack-edge.com/T024FKZ2C/jackie/17fdf317167bfb99.png,,-1
:jaime:,https://emoji.slack-edge.com/T024FKZ2C/jaime/45d436a1182e4c83.jpg,,1
:jakewilliams:,https://emoji.slack-edge.com/T024FKZ2C/jakewilliams/0a19a2b08fc1bdae.png,,1
:jalen: :ngbatdi:,https://emoji.slack-edge.com/T024FKZ2C/jalen/53bddb7dc915644d.png,,0
:jamiexx:,https://emoji.slack-edge.com/T024FKZ2C/jamiexx/531979b794830289.png,,0
:jersey-ricky:,https://emoji.slack-edge.com/T024FKZ2C/jersey-ricky/c6b2d9198c5cf33c.png,,1
:jersey-strong:,https://emoji.slack-edge.com/T024FKZ2C/jersey-strong/33cd1c99f71f28e8.png,,1
:jfdi:,https://emoji.slack-edge.com/T024FKZ2C/jfdi/c41804a0f749713d.png,,1
:jfdi2:,https://emoji.slack-edge.com/T024FKZ2C/jfdi2/154235d4da8f9180.png,,1
:jigglypuff:,https://emoji.slack-edge.com/T024FKZ2C/jigglypuff/1d7ab41e5123e44d.png,,1
:jobs:,https://emoji.slack-edge.com/T024FKZ2C/jobs/4d504173b3c1484d.png,,0
:jquery:,https://emoji.slack-edge.com/T024FKZ2C/jquery/462df3c6acbfcfb2.png,,0
:js:,https://emoji.slack-edge.com/T024FKZ2C/js/ede8232c1d1962e1.png,,0
:justdoit:,https://emoji.slack-edge.com/T024FKZ2C/justdoit/60aec1a61177333c.png,,1
:kanye:,https://emoji.slack-edge.com/T024FKZ2C/kanye/10f0b03732c72b89.jpg,,1
:kempy:,https://emoji.slack-edge.com/T024FKZ2C/kempy/e2208ada2f1bb1c2.png,,0
:klopp:,https://emoji.slack-edge.com/T024FKZ2C/klopp/ef0e052de5b59be0.png,,0
:kobe-fistpump:,https://emoji.slack-edge.com/T024FKZ2C/kobe-fistpump/02f6e3d20898e679.gif,,0
:kofi:,https://emoji.slack-edge.com/T024FKZ2C/kofi/36d18988e84ac911.png,,1
:kylebolt:,https://emoji.slack-edge.com/T024FKZ2C/kylebolt/3a637c86490aa0f6.png,,0
:laughingcow:,https://emoji.slack-edge.com/T024FKZ2C/laughingcow/45d31aa12d3d0276.png,,1
:laurab:,https://emoji.slack-edge.com/T024FKZ2C/laurab/42aae12ee68fb84d.png,,1
:lc-body:,https://emoji.slack-edge.com/T024FKZ2C/lc-body/ff87089eb4208d74.png,,0
:lc-head:,https://emoji.slack-edge.com/T024FKZ2C/lc-head/3af8b62b6f58d855.png,,0
:lc-tail:,https://emoji.slack-edge.com/T024FKZ2C/lc-tail/bca486b1ddbc3010.png,,0
:leemartin:,https://emoji.slack-edge.com/T024FKZ2C/leemartin/9dc6b54ce1be262f.png,,1
:linus:,https://emoji.slack-edge.com/T024FKZ2C/linus/bd27fed356e0ed99.jpg,,1
:loading:,https://emoji.slack-edge.com/T024FKZ2C/loading/9f7f96bb78283fce.gif,,0
:logs:,https://emoji.slack-edge.com/T024FKZ2C/logs/fd0d4d2c58f72399.png,,0
:looker:,https://emoji.slack-edge.com/T024FKZ2C/looker/60dc227a6450526b.jpg,,-1
:lucky-ricky:,https://emoji.slack-edge.com/T024FKZ2C/lucky-ricky/49e986e79b197544.png,,1
:lundqvist:,https://emoji.slack-edge.com/T024FKZ2C/lundqvist/7eee5e0146ed55ac.png,,0
:mambaday:,https://emoji.slack-edge.com/T024FKZ2C/mambaday/ac0157c6d3658cbb.png,,0
:mardigras-ricky:,https://emoji.slack-edge.com/T024FKZ2C/mardigras-ricky/1659b81194134e5b.png,,1
:margarita:,https://emoji.slack-edge.com/T024FKZ2C/margarita/86c019a232cdc694.png,,1
:mate:,https://emoji.slack-edge.com/T024FKZ2C/mate/438447ef00698692.jpg,,1
:matt-argh-vail:,https://emoji.slack-edge.com/T024FKZ2C/matt-argh-vail/a5f430381fff761f.png,,1
:meetingmonster:,https://emoji.slack-edge.com/T024FKZ2C/meetingmonster/a1487a3489ecb93e.png,,0
:merry-rocks:,https://emoji.slack-edge.com/T024FKZ2C/merry-rocks/d10cf8ac728aacca.png,,1
:metal:,https://emoji.slack-edge.com/T024FKZ2C/metal/9f936a4278.png,,1
:michael_rapino:,https://emoji.slack-edge.com/T024FKZ2C/michael_rapino/fa2150be4a78619a.png,,0
:micky:,https://emoji.slack-edge.com/T024FKZ2C/micky/5eaec40a801040a7.png,,1
:modelo:,https://emoji.slack-edge.com/T024FKZ2C/modelo/228d5cf6ac5fe841.png,,1
:monalisa:,https://emoji.slack-edge.com/T024FKZ2C/monalisa/e4af3deeea3a5497.png,,1
:monopoly-amy:,https://emoji.slack-edge.com/T024FKZ2C/monopoly-amy/91d9a6c23a3f9f41.png,,1
:monstermeeting:,https://emoji.slack-edge.com/T024FKZ2C/monstermeeting/dbfcccfb57a73c95.png,,-1
:moose:,https://emoji.slack-edge.com/T024FKZ2C/moose/2324153f2c410785.png,,0
:mr-demartino:,https://emoji.slack-edge.com/T024FKZ2C/mr-demartino/b2c42c9be9bc75aa.png,,-1
:mrpilliams:,https://emoji.slack-edge.com/T024FKZ2C/mrpilliams/bf7d2abe31b64603.png,,0
:mrspilliams:,https://emoji.slack-edge.com/T024FKZ2C/mrspilliams/7af08a08d96ac62a.png,,0
:mule:,https://emoji.slack-edge.com/T024FKZ2C/mule/a1c6391bc81bba75.png,,-1
:mumf:,https://emoji.slack-edge.com/T024FKZ2C/mumf/c541e41cb784fe10.jpg,,0
:nails:,https://emoji.slack-edge.com/T024FKZ2C/nails/155e80f2328b2b39.png,,0
:ncfc:,https://emoji.slack-edge.com/T024FKZ2C/ncfc/27f264fe0cf7da3c.png,,0
:neckbeard:,https://emoji.slack-edge.com/T024FKZ2C/neckbeard/c8ec7bf188.png,,-1
:necterofthegods:,https://emoji.slack-edge.com/T024FKZ2C/necterofthegods/90be4f02582f7dd5.png,,1
:newyears-ricky:,https://emoji.slack-edge.com/T024FKZ2C/newyears-ricky/dea0d527da440955.png,,1
:nilan:,https://emoji.slack-edge.com/T024FKZ2C/nilan/91bf2e56d333e465.png,,0
:ninja:,https://emoji.slack-edge.com/T024FKZ2C/ninja/d1a24569a0497ba6.png,,1
:no:,https://emoji.slack-edge.com/T024FKZ2C/no/143484bd8dfa579f.gif,,-1
:no-fly:,https://emoji.slack-edge.com/T024FKZ2C/no-fly/dc9e0e8129ac688d.png,,-1
:no-wammies:,https://emoji.slack-edge.com/T024FKZ2C/no-wammies/140e4ec96c6c59e3.png,,-1
:nod:,https://emoji.slack-edge.com/T024FKZ2C/nod/39d52545c2defce6.gif,,1
:noel-gallagher:,https://emoji.slack-edge.com/T024FKZ2C/noel-gallagher/253f51d43fb5365d.png,,1
:nofun:,https://emoji.slack-edge.com/T024FKZ2C/nofun/cdf048422f1f7f4d.png,,-1
:northern_ireland:,https://emoji.slack-edge.com/T024FKZ2C/northern_ireland/f5e78bac85d2fc91.png,,0
:notbad:,https://emoji.slack-edge.com/T024FKZ2C/notbad/6f33952247a516b2.png,,0
:nufc:,https://emoji.slack-edge.com/T024FKZ2C/nufc/85e33525b3c75cfc.png,,0
:nuke:,https://emoji.slack-edge.com/T024FKZ2C/nuke/6db0dc465947a85c.png,,-1
:octocat:,https://emoji.slack-edge.com/T024FKZ2C/octocat/627964d7c9.png,,1
:orca:,https://emoji.slack-edge.com/T024FKZ2C/orca/cc3b8d54181334fc.jpg,,1
:orly:,https://emoji.slack-edge.com/T024FKZ2C/orly/2e8550d269478acb.png,,1
:pacifier:,https://emoji.slack-edge.com/T024FKZ2C/pacifier/945af298b3a6e729.gif,,0
:panda:,https://emoji.slack-edge.com/T024FKZ2C/panda/b50c4fcb68a0f23f.png,,1
:panpipes:,https://emoji.slack-edge.com/T024FKZ2C/panpipes/68635c91f5230381.png,,1
:philosoraptor:,https://emoji.slack-edge.com/T024FKZ2C/philosoraptor/65121acd8ea7a358.png,,1
:picklefactory:,https://emoji.slack-edge.com/T024FKZ2C/picklefactory/c3b64209eb40e256.png,,1
:pickles:,https://emoji.slack-edge.com/T024FKZ2C/pickles/09cf24d42f3d72a0.png,,1
:pie:,https://emoji.slack-edge.com/T024FKZ2C/pie/df05c24d55c21f95.png,,1
:pie_pukka:,https://emoji.slack-edge.com/T024FKZ2C/pie_pukka/14230e6de039e096.png,,1
:piggy:,https://emoji.slack-edge.com/T024FKZ2C/piggy/b7762ee8cd.png,,-1
:pineapple-jake:,https://emoji.slack-edge.com/T024FKZ2C/pineapple-jake/c64c731b947976d1.png,,1
:pirate:,https://emoji.slack-edge.com/T024FKZ2C/pirate/8a2b69f27016dae3.png,,0
:pirate-ricky:,https://emoji.slack-edge.com/T024FKZ2C/pirate-ricky/5722b952728c755c.png,,1
:pivot:,https://emoji.slack-edge.com/T024FKZ2C/pivot/f7230101187f6a87.jpg,,0
:pizzaparty:,https://emoji.slack-edge.com/T024FKZ2C/pizzaparty/7b8b94505c393384.png,,1
:planet: :home:,https://emoji.slack-edge.com/T024FKZ2C/planet/0a15f0ca2e6f0034.png,,1
:plus1000:,https://emoji.slack-edge.com/T024FKZ2C/plus1000/6807405f696936db.png,,1
:pmc:,https://emoji.slack-edge.com/T024FKZ2C/pmc/b257dabf2ed5dc1b.jpg,,1
:pmoney:,https://emoji.slack-edge.com/T024FKZ2C/pmoney/8143405981b84d59.png,,1
:popham:,https://emoji.slack-edge.com/T024FKZ2C/popham/33fd066ed5e1a60c.png,,1
:poppop:,https://emoji.slack-edge.com/T024FKZ2C/poppop/64b90b37bd798c80.gif,,1
:potato:,https://emoji.slack-edge.com/T024FKZ2C/potato/3aa744857a72998d.png,,1
:pride:,https://emoji.slack-edge.com/T024FKZ2C/pride/56b1bd3388.png,,1
:prince:,https://emoji.slack-edge.com/T024FKZ2C/prince/1167d2d1ec3c4df1.png,,1
:prince-symbol:,https://emoji.slack-edge.com/T024FKZ2C/prince-symbol/578a6cc9981e36c5.gif,,1
:puke:,https://emoji.slack-edge.com/T024FKZ2C/puke/33480c09f720b1f1.png,,-1
:pukka_pie:,https://emoji.slack-edge.com/T024FKZ2C/pukka_pie/bfd1fb9c0823408a.png,,1
:rage1:,https://emoji.slack-edge.com/T024FKZ2C/rage1/0c3685290c.png,,-1
:rage2:,https://emoji.slack-edge.com/T024FKZ2C/rage2/feaf8897c6.png,,-1
:rage3:,https://emoji.slack-edge.com/T024FKZ2C/rage3/8e11678fbf.png,,-1
:rage4:,https://emoji.slack-edge.com/T024FKZ2C/rage4/a8029a3996.png,,-1
:realbug:,https://emoji.slack-edge.com/T024FKZ2C/realbug/554b4800e104489c.png,,-1
:red-stapler:,https://emoji.slack-edge.com/T024FKZ2C/red-stapler/755cc04baf71b8e6.png,,1
:reptar:,https://emoji.slack-edge.com/T024FKZ2C/reptar/a08238ed1f908f27.png,,1
:ricky:,https://emoji.slack-edge.com/T024FKZ2C/ricky/12686a386b3a2e65.png,,1
:robbie-ego:,https://emoji.slack-edge.com/T024FKZ2C/robbie-ego/9351a8cf73105833.jpg,,1
:robbie-williams:,https://emoji.slack-edge.com/T024FKZ2C/robbie-williams/e88a96684f0217ed.jpg,,1
:robot:,https://emoji.slack-edge.com/T024FKZ2C/robot/07913c0c99263f74.png,,0
:rollingeyes-lydia:,https://emoji.slack-edge.com/T024FKZ2C/rollingeyes-lydia/c037b4fc9d16f5b3.png,,-1
:romain:,https://emoji.slack-edge.com/T024FKZ2C/romain/a9ca81989a6790e7.png,,1
:rube:,https://emoji.slack-edge.com/T024FKZ2C/rube/74ef8ef199.png,,1
:sad_clown:,https://emoji.slack-edge.com/T024FKZ2C/sad_clown/50c80589703b7f37.png,,-1
:sadham:,https://emoji.slack-edge.com/T024FKZ2C/sadham/a5eeb66d897a0e4b.png,,-1
:sadok:,https://emoji.slack-edge.com/T024FKZ2C/sadok/6891c5428aa71203.png,,-1
:sadpanda:,https://emoji.slack-edge.com/T024FKZ2C/sadpanda/532e86c7c9e3c58d.png,,-1
:salesforce:,https://emoji.slack-edge.com/T024FKZ2C/salesforce/48184ca55277115e.png,,-1
:salt:,https://emoji.slack-edge.com/T024FKZ2C/salt/fde042c992f879bc.png,,0
:sarc:,https://emoji.slack-edge.com/T024FKZ2C/sarc/0fd9f494319a317f.png,,-1
:schmal-dawg:,https://emoji.slack-edge.com/T024FKZ2C/schmal-dawg/4b735586086813d6.jpg,,1
:scotland:,https://emoji.slack-edge.com/T024FKZ2C/scotland/fe6487cf59c9cebd.png,,0
:screwy:,https://emoji.slack-edge.com/T024FKZ2C/screwy/68eb1cc6cfb03982.gif,,-1
:sharking_around:,https://emoji.slack-edge.com/T024FKZ2C/sharking_around/33c478efef17b4d9.png,,0
:shearer:,https://emoji.slack-edge.com/T024FKZ2C/shearer/7727c6b8d54d621d.png,,1
:shisha-alyea:,https://emoji.slack-edge.com/T024FKZ2C/shisha-alyea/98e73c09d1ece3ef.png,,1
:showrooms:,https://emoji.slack-edge.com/T024FKZ2C/showrooms/693b7f1efd3ec84d.png,,0
:simple_smile:,https://a.slack-edge.com/66f9/img/emoji_2015/apple-old/simple_smile.png,,1
:sk:,https://emoji.slack-edge.com/T024FKZ2C/sk/91561ab63380578c.png,,1
:skore:,https://emoji.slack-edge.com/T024FKZ2C/skore/9c2af3257d7e3725.png,,1
:skypebug:,https://emoji.slack-edge.com/T024FKZ2C/skypebug/d9b67f9ccad39165.png,,-1
:slack:,https://emoji.slack-edge.com/T024FKZ2C/slack/5ee0c9bea3.png,,0
:slash:,https://emoji.slack-edge.com/T024FKZ2C/slash/c3464f41f1fea580.png,,1
:slim-jim:,https://emoji.slack-edge.com/T024FKZ2C/slim-jim/46343273be77f744.png,,1
:slowpoke:,https://emoji.slack-edge.com/T024FKZ2C/slowpoke/98e3cf941275ad64.png,,0
:smokin:,https://emoji.slack-edge.com/T024FKZ2C/smokin/9f1ca7db5b3d46a8.gif,,1
:snowman-ricky:,https://emoji.slack-edge.com/T024FKZ2C/snowman-ricky/b0449809599dbe7e.png,,1
:space-jam:,https://emoji.slack-edge.com/T024FKZ2C/space-jam/0df5f0ccbf12a5f6.png,,0
:spider2:,https://emoji.slack-edge.com/T024FKZ2C/spider2/cdb0c0507f8f6352.jpg,,-1
:spotifysteve:,https://emoji.slack-edge.com/T024FKZ2C/spotifysteve/268e8dd3bf2fe58c.jpg,,0
:squirrel: :shipit:,https://emoji.slack-edge.com/T024FKZ2C/squirrel/465f40c0e0.png,,0
:standup:,https://emoji.slack-edge.com/T024FKZ2C/standup/7ba012f936504795.gif,,0
:stone-roses:,https://emoji.slack-edge.com/T024FKZ2C/stone-roses/782121e3ed16165a.jpg,,0
:strangler:,https://emoji.slack-edge.com/T024FKZ2C/strangler/962e040eed129d1d.gif,,-1
:strong:,https://emoji.slack-edge.com/T024FKZ2C/strong/ff87d52ff3ada65b.png,,1
:success:,https://emoji.slack-edge.com/T024FKZ2C/success/49bcd01d5067cc14.png,,1
:sunburn-ricky:,https://emoji.slack-edge.com/T024FKZ2C/sunburn-ricky/02f85a5dbfb40172.png,,1
:super: :power:,https://emoji.slack-edge.com/T024FKZ2C/super/6754ee2ac14b0215.png,,1
:suspect:,https://emoji.slack-edge.com/T024FKZ2C/suspect/ca4ab3c7c7.png,,-1
:swift:,https://emoji.slack-edge.com/T024FKZ2C/swift/85662e88f80a9351.png,,0
:t-recs:,https://emoji.slack-edge.com/T024FKZ2C/t-recs/037daaac639fb4c4.png,,0
:testflight:,https://emoji.slack-edge.com/T024FKZ2C/testflight/a2e7c39ff92ea99e.png,,0
:theking:,https://emoji.slack-edge.com/T024FKZ2C/theking/f560bfe692b295c2.jpg,,0
:time-for-beatdown:,https://emoji.slack-edge.com/T024FKZ2C/time-for-beatdown/b72b90fd3046ca4a.gif,,-1
:toast:,https://emoji.slack-edge.com/T024FKZ2C/toast/12d35f2fa2c67d81.png,,0
:tofu:,https://emoji.slack-edge.com/T024FKZ2C/tofu/25d5d36581bdc658.png,,0
:tombrady:,https://emoji.slack-edge.com/T024FKZ2C/tombrady/40aa6e8c6e5423a1.png,,0
:trollface: :troll:,https://emoji.slack-edge.com/T024FKZ2C/trollface/8c0ac4ae98.png,,-1
:truuuuuuu:,https://emoji.slack-edge.com/T024FKZ2C/truuuuuuu/653f4c451ec633c1.jpg,,1
:tunch:,https://emoji.slack-edge.com/T024FKZ2C/tunch/a5825a25a70c4eb4.jpg,,-1
:twitter-heart:,https://emoji.slack-edge.com/T024FKZ2C/twitter-heart/e3e90f8607d6cd33.gif,,1
:ukulele:,https://emoji.slack-edge.com/T024FKZ2C/ukulele/33438ae3d81c2014.png,,0
:upsidedowndoggiraffe:,https://emoji.slack-edge.com/T024FKZ2C/upsidedowndoggiraffe/6f15e4def9789269.png,,-1
:usc:,https://emoji.slack-edge.com/T024FKZ2C/usc/8a4659135e9e0144.jpg,,0
:valentine-ricky:,https://emoji.slack-edge.com/T024FKZ2C/valentine-ricky/360b5fd1e43e1e35.png,,1
:villagegreen:,https://emoji.slack-edge.com/T024FKZ2C/villagegreen/0e5c1b2c3b9ff7be.jpg,,0
:villanova-university:,https://emoji.slack-edge.com/T024FKZ2C/villanova-university/b6a01f9c0d944ced.png,,0
:vim:,https://emoji.slack-edge.com/T024FKZ2C/vim/4afccde2a9cdeb17.png,,0
:vomit:,https://emoji.slack-edge.com/T024FKZ2C/vomit/4dd885f9b33ac953.gif,,-1
:waiting:,https://emoji.slack-edge.com/T024FKZ2C/waiting/b5845e980b59fafc.gif,,0
:wales:,https://emoji.slack-edge.com/T024FKZ2C/wales/fe48e64cd921b97e.png,,0
:walkingdead:,https://emoji.slack-edge.com/T024FKZ2C/walkingdead/f4f4bb299293ebdf.png,,-1
:wat:,https://emoji.slack-edge.com/T024FKZ2C/wat/cdb8ba9052c858a8.png,,-1
:webscale:,https://emoji.slack-edge.com/T024FKZ2C/webscale/604a952d340b7ab5.jpg,,1
:weed:,https://emoji.slack-edge.com/T024FKZ2C/weed/463be55e4e207e47.png,,1
:weird-gonz:,https://emoji.slack-edge.com/T024FKZ2C/weird-gonz/1e02804cc529313c.png,,0
:what:,https://emoji.slack-edge.com/T024FKZ2C/what/dc1bef0ac14ef956.gif,,-1
:whiteglove:,https://emoji.slack-edge.com/T024FKZ2C/whiteglove/00000bebc4bdf13e.png,,0
:win:,https://emoji.slack-edge.com/T024FKZ2C/win/1ca0ff331b8eaecc.png,,0
:wut:,https://emoji.slack-edge.com/T024FKZ2C/wut/f99fedf0cc32636f.png,,-1
:yay:,https://emoji.slack-edge.com/T024FKZ2C/yay/5420b832c0682704.png,,1
:yeoldeinternet:,https://emoji.slack-edge.com/T024FKZ2C/yeoldeinternet/0aca0b86b9d23247.png,,0
:yorkshire_rose:,https://emoji.slack-edge.com/T024FKZ2C/yorkshire_rose/46810ce621259e1f.png,,0
:yorkshire_tea:,https://emoji.slack-edge.com/T024FKZ2C/yorkshire_tea/c9ec0d7162c544c8.png,,0
:you-got-blocked:,https://emoji.slack-edge.com/T024FKZ2C/you-got-blocked/c9d468da2afb9fcd.png,,0
:yuno:,https://emoji.slack-edge.com/T024FKZ2C/yuno/8e564d5d90e7fe19.png,,-1
:zeplin:,https://emoji.slack-edge.com/T024FKZ2C/zeplin/a8e42815befc8860.png,,0
