:bowtie:,http://www.emoji-cheat-sheet.com/graphics/emojis/bowtie.png,,1,bowtie
:smile:,http://www.emoji-cheat-sheet.com/graphics/emojis/smile.png,,1,smile
:laughing:,http://www.emoji-cheat-sheet.com/graphics/emojis/laughing.png,,1,laughing
:blush:,http://www.emoji-cheat-sheet.com/graphics/emojis/blush.png,,1,blush
:smiley:,http://www.emoji-cheat-sheet.com/graphics/emojis/smiley.png,,1,smiley
:relaxed:,http://www.emoji-cheat-sheet.com/graphics/emojis/relaxed.png,,1,relaxed
:smirk:,http://www.emoji-cheat-sheet.com/graphics/emojis/smirk.png,,0,smirk
:heart_eyes:,http://www.emoji-cheat-sheet.com/graphics/emojis/heart_eyes.png,,1,heart_eyes
:kissing_heart:,http://www.emoji-cheat-sheet.com/graphics/emojis/kissing_heart.png,,1,kissing_heart
:kissing_closed_eyes:,http://www.emoji-cheat-sheet.com/graphics/emojis/kissing_closed_eyes.png,,1,kissing_closed_eyes
:flushed:,http://www.emoji-cheat-sheet.com/graphics/emojis/flushed.png,,0,flushed
:relieved:,http://www.emoji-cheat-sheet.com/graphics/emojis/relieved.png,,1,relieved
:satisfied:,http://www.emoji-cheat-sheet.com/graphics/emojis/satisfied.png,,1,satisfied
:grin:,http://www.emoji-cheat-sheet.com/graphics/emojis/grin.png,,1,grin
:wink:,http://www.emoji-cheat-sheet.com/graphics/emojis/wink.png,,1,wink
:stuck_out_tongue_winking_eye:,http://www.emoji-cheat-sheet.com/graphics/emojis/stuck_out_tongue_winking_eye.png,,1,stuck_out_tongue_winking_eye
:stuck_out_tongue_closed_eyes:,http://www.emoji-cheat-sheet.com/graphics/emojis/stuck_out_tongue_closed_eyes.png,,1,stuck_out_tongue_closed_eyes
:grinning:,http://www.emoji-cheat-sheet.com/graphics/emojis/grinning.png,,1,grinning
:kissing:,http://www.emoji-cheat-sheet.com/graphics/emojis/kissing.png,,1,kissing
:kissing_smiling_eyes:,http://www.emoji-cheat-sheet.com/graphics/emojis/kissing_smiling_eyes.png,,1,kissing_smiling_eyes
:stuck_out_tongue:,http://www.emoji-cheat-sheet.com/graphics/emojis/stuck_out_tongue.png,,1,stuck_out_tongue
:sleeping:,http://www.emoji-cheat-sheet.com/graphics/emojis/sleeping.png,,0,sleeping
:worried:,http://www.emoji-cheat-sheet.com/graphics/emojis/worried.png,,-1,worried
:frowning:,http://www.emoji-cheat-sheet.com/graphics/emojis/frowning.png,,-1,frowning
:anguished:,http://www.emoji-cheat-sheet.com/graphics/emojis/anguished.png,,-1,anguished
:open_mouth:,http://www.emoji-cheat-sheet.com/graphics/emojis/open_mouth.png,,-1,open_mouth
:grimacing:,http://www.emoji-cheat-sheet.com/graphics/emojis/grimacing.png,,-1,grimacing
:confused:,http://www.emoji-cheat-sheet.com/graphics/emojis/confused.png,,-1,confused
:hushed:,http://www.emoji-cheat-sheet.com/graphics/emojis/hushed.png,,0,hushed
:expressionless:,http://www.emoji-cheat-sheet.com/graphics/emojis/expressionless.png,,0,expressionless
:unamused:,http://www.emoji-cheat-sheet.com/graphics/emojis/unamused.png,,-1,unamused
:sweat_smile:,http://www.emoji-cheat-sheet.com/graphics/emojis/sweat_smile.png,,1,sweat_smile
:sweat:,http://www.emoji-cheat-sheet.com/graphics/emojis/sweat.png,,-1,sweat
:disappointed_relieved:,http://www.emoji-cheat-sheet.com/graphics/emojis/disappointed_relieved.png,,-1,disappointed_relieved
:weary:,http://www.emoji-cheat-sheet.com/graphics/emojis/weary.png,,-1,weary
:pensive:,http://www.emoji-cheat-sheet.com/graphics/emojis/pensive.png,,-1,pensive
:disappointed:,http://www.emoji-cheat-sheet.com/graphics/emojis/disappointed.png,,-1,disappointed
:confounded:,http://www.emoji-cheat-sheet.com/graphics/emojis/confounded.png,,-1,confounded
:fearful:,http://www.emoji-cheat-sheet.com/graphics/emojis/fearful.png,,-1,fearful
:cold_sweat:,http://www.emoji-cheat-sheet.com/graphics/emojis/cold_sweat.png,,-1,cold_sweat
:persevere:,http://www.emoji-cheat-sheet.com/graphics/emojis/persevere.png,,-1,persevere
:cry:,http://www.emoji-cheat-sheet.com/graphics/emojis/cry.png,,-1,cry
:sob:,http://www.emoji-cheat-sheet.com/graphics/emojis/sob.png,,-1,sob
:joy:,http://www.emoji-cheat-sheet.com/graphics/emojis/joy.png,,1,joy
:astonished:,http://www.emoji-cheat-sheet.com/graphics/emojis/astonished.png,,1,astonished
:scream:,http://www.emoji-cheat-sheet.com/graphics/emojis/scream.png,,0,scream
:neckbeard:,http://www.emoji-cheat-sheet.com/graphics/emojis/neckbeard.png,,-1,neckbeard
:tired_face:,http://www.emoji-cheat-sheet.com/graphics/emojis/tired_face.png,,-1,tired_face
:angry:,http://www.emoji-cheat-sheet.com/graphics/emojis/angry.png,,-1,angry
:rage:,http://www.emoji-cheat-sheet.com/graphics/emojis/rage.png,,-1,rage
:triumph:,http://www.emoji-cheat-sheet.com/graphics/emojis/triumph.png,,0,triumph
:sleepy:,http://www.emoji-cheat-sheet.com/graphics/emojis/sleepy.png,,0,sleepy
:yum:,http://www.emoji-cheat-sheet.com/graphics/emojis/yum.png,,-1,yum
:mask:,http://www.emoji-cheat-sheet.com/graphics/emojis/mask.png,,0,mask
:sunglasses:,http://www.emoji-cheat-sheet.com/graphics/emojis/sunglasses.png,,-1,sunglasses
:dizzy_face:,http://www.emoji-cheat-sheet.com/graphics/emojis/dizzy_face.png,,0,dizzy_face
:imp:,http://www.emoji-cheat-sheet.com/graphics/emojis/imp.png,,0,imp
:smiling_imp:,http://www.emoji-cheat-sheet.com/graphics/emojis/smiling_imp.png,,0,smiling_imp
:neutral_face:,http://www.emoji-cheat-sheet.com/graphics/emojis/neutral_face.png,,0,neutral_face
:no_mouth:,http://www.emoji-cheat-sheet.com/graphics/emojis/no_mouth.png,,0,no_mouth
:innocent:,http://www.emoji-cheat-sheet.com/graphics/emojis/innocent.png,,1,innocent
:alien:,http://www.emoji-cheat-sheet.com/graphics/emojis/alien.png,,0,alien
:yellow_heart:,http://www.emoji-cheat-sheet.com/graphics/emojis/yellow_heart.png,,1,yellow_heart
:blue_heart:,http://www.emoji-cheat-sheet.com/graphics/emojis/blue_heart.png,,1,blue_heart
:purple_heart:,http://www.emoji-cheat-sheet.com/graphics/emojis/purple_heart.png,,1,purple_heart
:heart:,http://www.emoji-cheat-sheet.com/graphics/emojis/heart.png,,1,heart
:green_heart:,http://www.emoji-cheat-sheet.com/graphics/emojis/green_heart.png,,1,green_heart
:broken_heart:,http://www.emoji-cheat-sheet.com/graphics/emojis/broken_heart.png,,-1,broken_heart
:heartbeat:,http://www.emoji-cheat-sheet.com/graphics/emojis/heartbeat.png,,1,heartbeat
:heartpulse:,http://www.emoji-cheat-sheet.com/graphics/emojis/heartpulse.png,,1,heartpulse
:two_hearts:,http://www.emoji-cheat-sheet.com/graphics/emojis/two_hearts.png,,1,two_hearts
:revolving_hearts:,http://www.emoji-cheat-sheet.com/graphics/emojis/revolving_hearts.png,,1,revolving_hearts
:cupid:,http://www.emoji-cheat-sheet.com/graphics/emojis/cupid.png,,1,cupid
:sparkling_heart:,http://www.emoji-cheat-sheet.com/graphics/emojis/sparkling_heart.png,,1,sparkling_heart
:sparkles:,http://www.emoji-cheat-sheet.com/graphics/emojis/sparkles.png,,1,sparkles
:star:,http://www.emoji-cheat-sheet.com/graphics/emojis/star.png,,1,star
:star2:,http://www.emoji-cheat-sheet.com/graphics/emojis/star2.png,,1,star2
:dizzy:,http://www.emoji-cheat-sheet.com/graphics/emojis/dizzy.png,,1,dizzy
:boom:,http://www.emoji-cheat-sheet.com/graphics/emojis/boom.png,,1,boom
:collision:,http://www.emoji-cheat-sheet.com/graphics/emojis/collision.png,,1,collision
:anger:,http://www.emoji-cheat-sheet.com/graphics/emojis/anger.png,,-1,anger
:exclamation:,http://www.emoji-cheat-sheet.com/graphics/emojis/exclamation.png,,0,exclamation
:question:,http://www.emoji-cheat-sheet.com/graphics/emojis/question.png,,0,question
:grey_exclamation:,http://www.emoji-cheat-sheet.com/graphics/emojis/grey_exclamation.png,,0,grey_exclamation
:grey_question:,http://www.emoji-cheat-sheet.com/graphics/emojis/grey_question.png,,0,grey_question
:zzz:,http://www.emoji-cheat-sheet.com/graphics/emojis/zzz.png,,0,zzz
:dash:,http://www.emoji-cheat-sheet.com/graphics/emojis/dash.png,,0,dash
:sweat_drops:,http://www.emoji-cheat-sheet.com/graphics/emojis/sweat_drops.png,,0,sweat_drops
:notes:,http://www.emoji-cheat-sheet.com/graphics/emojis/notes.png,,0,notes
:musical_note:,http://www.emoji-cheat-sheet.com/graphics/emojis/musical_note.png,,0,musical_note
:fire:,http://www.emoji-cheat-sheet.com/graphics/emojis/fire.png,,0,fire
:hankey:,http://www.emoji-cheat-sheet.com/graphics/emojis/hankey.png,,-1,hankey
:poop:,http://www.emoji-cheat-sheet.com/graphics/emojis/poop.png,,-1,poop
:shit:,http://www.emoji-cheat-sheet.com/graphics/emojis/shit.png,,-1,shit
:+1:,http://www.emoji-cheat-sheet.com/graphics/emojis/plus1.png,,1,+1
:thumbsup:,http://www.emoji-cheat-sheet.com/graphics/emojis/thumbsup.png,,1,thumbsup
:-1:,http://www.emoji-cheat-sheet.com/graphics/emojis/-1.png,,-1,-1
:thumbsdown:,http://www.emoji-cheat-sheet.com/graphics/emojis/thumbsdown.png,,-1,thumbsdown
:ok_hand:,http://www.emoji-cheat-sheet.com/graphics/emojis/ok_hand.png,,1,ok_hand
:punch:,http://www.emoji-cheat-sheet.com/graphics/emojis/punch.png,,1,punch
:facepunch:,http://www.emoji-cheat-sheet.com/graphics/emojis/facepunch.png,,1,facepunch
:fist:,http://www.emoji-cheat-sheet.com/graphics/emojis/fist.png,,1,fist
:v:,http://www.emoji-cheat-sheet.com/graphics/emojis/v.png,,1,v
:wave:,http://www.emoji-cheat-sheet.com/graphics/emojis/wave.png,,0,wave
:hand:,http://www.emoji-cheat-sheet.com/graphics/emojis/hand.png,,0,hand
:raised_hand:,http://www.emoji-cheat-sheet.com/graphics/emojis/raised_hand.png,,0,raised_hand
:open_hands:,http://www.emoji-cheat-sheet.com/graphics/emojis/open_hands.png,,0,open_hands
:point_up:,http://www.emoji-cheat-sheet.com/graphics/emojis/point_up.png,,1,point_up
:point_down:,http://www.emoji-cheat-sheet.com/graphics/emojis/point_down.png,,-1,point_down
:point_left:,http://www.emoji-cheat-sheet.com/graphics/emojis/point_left.png,,0,point_left
:point_right:,http://www.emoji-cheat-sheet.com/graphics/emojis/point_right.png,,0,point_right
:raised_hands:,http://www.emoji-cheat-sheet.com/graphics/emojis/raised_hands.png,,1,raised_hands
:pray:,http://www.emoji-cheat-sheet.com/graphics/emojis/pray.png,,1,pray
:point_up_2:,http://www.emoji-cheat-sheet.com/graphics/emojis/point_up_2.png,,1,point_up_2
:clap:,http://www.emoji-cheat-sheet.com/graphics/emojis/clap.png,,1,clap
:muscle:,http://www.emoji-cheat-sheet.com/graphics/emojis/muscle.png,,1,muscle
:metal:,http://www.emoji-cheat-sheet.com/graphics/emojis/metal.png,,1,metal
:fu:,http://www.emoji-cheat-sheet.com/graphics/emojis/fu.png,,-1,fu
:runner:,http://www.emoji-cheat-sheet.com/graphics/emojis/runner.png,,0,runner
:running:,http://www.emoji-cheat-sheet.com/graphics/emojis/running.png,,0,running
:couple:,http://www.emoji-cheat-sheet.com/graphics/emojis/couple.png,,0,couple
:family:,http://www.emoji-cheat-sheet.com/graphics/emojis/family.png,,0,family
:two_men_holding_hands:,http://www.emoji-cheat-sheet.com/graphics/emojis/two_men_holding_hands.png,,0,two_men_holding_hands
:two_women_holding_hands:,http://www.emoji-cheat-sheet.com/graphics/emojis/two_women_holding_hands.png,,0,two_women_holding_hands
:dancer:,http://www.emoji-cheat-sheet.com/graphics/emojis/dancer.png,,0,dancer
:dancers:,http://www.emoji-cheat-sheet.com/graphics/emojis/dancers.png,,0,dancers
:ok_woman:,http://www.emoji-cheat-sheet.com/graphics/emojis/ok_woman.png,,0,ok_woman
:no_good:,http://www.emoji-cheat-sheet.com/graphics/emojis/no_good.png,,-1,no_good
:information_desk_person:,http://www.emoji-cheat-sheet.com/graphics/emojis/information_desk_person.png,,1,information_desk_person
:raising_hand:,http://www.emoji-cheat-sheet.com/graphics/emojis/raising_hand.png,,0,raising_hand
:bride_with_veil:,http://www.emoji-cheat-sheet.com/graphics/emojis/bride_with_veil.png,,0,bride_with_veil
:person_with_pouting_face:,http://www.emoji-cheat-sheet.com/graphics/emojis/person_with_pouting_face.png,,0,person_with_pouting_face
:person_frowning:,http://www.emoji-cheat-sheet.com/graphics/emojis/person_frowning.png,,-1,person_frowning
:bow:,http://www.emoji-cheat-sheet.com/graphics/emojis/bow.png,,1,bow
:couplekiss:,http://www.emoji-cheat-sheet.com/graphics/emojis/couplekiss.png,,1,couplekiss
:couple_with_heart:,http://www.emoji-cheat-sheet.com/graphics/emojis/couple_with_heart.png,,1,couple_with_heart
:massage:,http://www.emoji-cheat-sheet.com/graphics/emojis/massage.png,,1,massage
:haircut:,http://www.emoji-cheat-sheet.com/graphics/emojis/haircut.png,,1,haircut
:nail_care:,http://www.emoji-cheat-sheet.com/graphics/emojis/nail_care.png,,1,nail_care
:boy:,http://www.emoji-cheat-sheet.com/graphics/emojis/boy.png,,0,boy
:girl:,http://www.emoji-cheat-sheet.com/graphics/emojis/girl.png,,0,girl
:woman:,http://www.emoji-cheat-sheet.com/graphics/emojis/woman.png,,0,woman
:man:,http://www.emoji-cheat-sheet.com/graphics/emojis/man.png,,0,man
:baby:,http://www.emoji-cheat-sheet.com/graphics/emojis/baby.png,,0,baby
:older_woman:,http://www.emoji-cheat-sheet.com/graphics/emojis/older_woman.png,,0,older_woman
:older_man:,http://www.emoji-cheat-sheet.com/graphics/emojis/older_man.png,,0,older_man
:person_with_blond_hair:,http://www.emoji-cheat-sheet.com/graphics/emojis/person_with_blond_hair.png,,0,person_with_blond_hair
:man_with_gua_pi_mao:,http://www.emoji-cheat-sheet.com/graphics/emojis/man_with_gua_pi_mao.png,,0,man_with_gua_pi_mao
:man_with_turban:,http://www.emoji-cheat-sheet.com/graphics/emojis/man_with_turban.png,,1,man_with_turban
:construction_worker:,http://www.emoji-cheat-sheet.com/graphics/emojis/construction_worker.png,,0,construction_worker
:cop:,http://www.emoji-cheat-sheet.com/graphics/emojis/cop.png,,-1,cop
:angel:,http://www.emoji-cheat-sheet.com/graphics/emojis/angel.png,,1,angel
:princess:,http://www.emoji-cheat-sheet.com/graphics/emojis/princess.png,,1,princess
:smiley_cat:,http://www.emoji-cheat-sheet.com/graphics/emojis/smiley_cat.png,,1,smiley_cat
:smile_cat:,http://www.emoji-cheat-sheet.com/graphics/emojis/smile_cat.png,,1,smile_cat
:heart_eyes_cat:,http://www.emoji-cheat-sheet.com/graphics/emojis/heart_eyes_cat.png,,1,heart_eyes_cat
:kissing_cat:,http://www.emoji-cheat-sheet.com/graphics/emojis/kissing_cat.png,,1,kissing_cat
:smirk_cat:,http://www.emoji-cheat-sheet.com/graphics/emojis/smirk_cat.png,,0,smirk_cat
:scream_cat:,http://www.emoji-cheat-sheet.com/graphics/emojis/scream_cat.png,,0,scream_cat
:crying_cat_face:,http://www.emoji-cheat-sheet.com/graphics/emojis/crying_cat_face.png,,0,crying_cat_face
:joy_cat:,http://www.emoji-cheat-sheet.com/graphics/emojis/joy_cat.png,,1,joy_cat
:pouting_cat:,http://www.emoji-cheat-sheet.com/graphics/emojis/pouting_cat.png,,-1,pouting_cat
:japanese_ogre:,http://www.emoji-cheat-sheet.com/graphics/emojis/japanese_ogre.png,,0,japanese_ogre
:japanese_goblin:,http://www.emoji-cheat-sheet.com/graphics/emojis/japanese_goblin.png,,0,japanese_goblin
:see_no_evil:,http://www.emoji-cheat-sheet.com/graphics/emojis/see_no_evil.png,,0,see_no_evil
:hear_no_evil:,http://www.emoji-cheat-sheet.com/graphics/emojis/hear_no_evil.png,,0,hear_no_evil
:speak_no_evil:,http://www.emoji-cheat-sheet.com/graphics/emojis/speak_no_evil.png,,0,speak_no_evil
:guardsman:,http://www.emoji-cheat-sheet.com/graphics/emojis/guardsman.png,,0,guardsman
:skull:,http://www.emoji-cheat-sheet.com/graphics/emojis/skull.png,,-1,skull
:feet:,http://www.emoji-cheat-sheet.com/graphics/emojis/feet.png,,0,feet
:lips:,http://www.emoji-cheat-sheet.com/graphics/emojis/lips.png,,0,lips
:kiss:,http://www.emoji-cheat-sheet.com/graphics/emojis/kiss.png,,1,kiss
:droplet:,http://www.emoji-cheat-sheet.com/graphics/emojis/droplet.png,,0,droplet
:ear:,http://www.emoji-cheat-sheet.com/graphics/emojis/ear.png,,0,ear
:eyes:,http://www.emoji-cheat-sheet.com/graphics/emojis/eyes.png,,0,eyes
:nose:,http://www.emoji-cheat-sheet.com/graphics/emojis/nose.png,,0,nose
:tongue:,http://www.emoji-cheat-sheet.com/graphics/emojis/tongue.png,,0,tongue
:love_letter:,http://www.emoji-cheat-sheet.com/graphics/emojis/love_letter.png,,1,love_letter
:bust_in_silhouette:,http://www.emoji-cheat-sheet.com/graphics/emojis/bust_in_silhouette.png,,0,bust_in_silhouette
:busts_in_silhouette:,http://www.emoji-cheat-sheet.com/graphics/emojis/busts_in_silhouette.png,,0,busts_in_silhouette
:speech_balloon:,http://www.emoji-cheat-sheet.com/graphics/emojis/speech_balloon.png,,0,speech_balloon
:thought_balloon:,http://www.emoji-cheat-sheet.com/graphics/emojis/thought_balloon.png,,0,thought_balloon
:feelsgood:,http://www.emoji-cheat-sheet.com/graphics/emojis/feelsgood.png,,1,feelsgood
:finnadie:,http://www.emoji-cheat-sheet.com/graphics/emojis/finnadie.png,,-1,finnadie
:goberserk:,http://www.emoji-cheat-sheet.com/graphics/emojis/goberserk.png,,-1,goberserk
:godmode:,http://www.emoji-cheat-sheet.com/graphics/emojis/godmode.png,,1,godmode
:hurtrealbad:,http://www.emoji-cheat-sheet.com/graphics/emojis/hurtrealbad.png,,-1,hurtrealbad
:rage1:,http://www.emoji-cheat-sheet.com/graphics/emojis/rage1.png,,-1,rage1
:rage2:,http://www.emoji-cheat-sheet.com/graphics/emojis/rage2.png,,-1,rage2
:rage3:,http://www.emoji-cheat-sheet.com/graphics/emojis/rage3.png,,-1,rage3
:rage4:,http://www.emoji-cheat-sheet.com/graphics/emojis/rage4.png,,-1,rage4
:suspect:,http://www.emoji-cheat-sheet.com/graphics/emojis/suspect.png,,-1,suspect
:trollface:,http://www.emoji-cheat-sheet.com/graphics/emojis/trollface.png,,0,trollface
:sunny:,http://www.emoji-cheat-sheet.com/graphics/emojis/sunny.png,,1,sunny
:umbrella:,http://www.emoji-cheat-sheet.com/graphics/emojis/umbrella.png,,0,umbrella
:cloud:,http://www.emoji-cheat-sheet.com/graphics/emojis/cloud.png,,0,cloud
:snowflake:,http://www.emoji-cheat-sheet.com/graphics/emojis/snowflake.png,,0,snowflake
:snowman:,http://www.emoji-cheat-sheet.com/graphics/emojis/snowman.png,,0,snowman
:zap:,http://www.emoji-cheat-sheet.com/graphics/emojis/zap.png,,1,zap
:cyclone:,http://www.emoji-cheat-sheet.com/graphics/emojis/cyclone.png,,0,cyclone
:foggy:,http://www.emoji-cheat-sheet.com/graphics/emojis/foggy.png,,0,foggy
:ocean:,http://www.emoji-cheat-sheet.com/graphics/emojis/ocean.png,,0,ocean
:cat:,http://www.emoji-cheat-sheet.com/graphics/emojis/cat.png,,0,cat
:dog:,http://www.emoji-cheat-sheet.com/graphics/emojis/dog.png,,0,dog
:mouse:,http://www.emoji-cheat-sheet.com/graphics/emojis/mouse.png,,0,mouse
:hamster:,http://www.emoji-cheat-sheet.com/graphics/emojis/hamster.png,,0,hamster
:rabbit:,http://www.emoji-cheat-sheet.com/graphics/emojis/rabbit.png,,0,rabbit
:wolf:,http://www.emoji-cheat-sheet.com/graphics/emojis/wolf.png,,0,wolf
:frog:,http://www.emoji-cheat-sheet.com/graphics/emojis/frog.png,,0,frog
:tiger:,http://www.emoji-cheat-sheet.com/graphics/emojis/tiger.png,,0,tiger
:koala:,http://www.emoji-cheat-sheet.com/graphics/emojis/koala.png,,1,koala
:bear:,http://www.emoji-cheat-sheet.com/graphics/emojis/bear.png,,0,bear
:pig:,http://www.emoji-cheat-sheet.com/graphics/emojis/pig.png,,0,pig
:pig_nose:,http://www.emoji-cheat-sheet.com/graphics/emojis/pig_nose.png,,0,pig_nose
:cow:,http://www.emoji-cheat-sheet.com/graphics/emojis/cow.png,,0,cow
:boar:,http://www.emoji-cheat-sheet.com/graphics/emojis/boar.png,,0,boar
:monkey_face:,http://www.emoji-cheat-sheet.com/graphics/emojis/monkey_face.png,,0,monkey_face
:monkey:,http://www.emoji-cheat-sheet.com/graphics/emojis/monkey.png,,0,monkey
:horse:,http://www.emoji-cheat-sheet.com/graphics/emojis/horse.png,,0,horse
:racehorse:,http://www.emoji-cheat-sheet.com/graphics/emojis/racehorse.png,,0,racehorse
:camel:,http://www.emoji-cheat-sheet.com/graphics/emojis/camel.png,,0,camel
:sheep:,http://www.emoji-cheat-sheet.com/graphics/emojis/sheep.png,,0,sheep
:elephant:,http://www.emoji-cheat-sheet.com/graphics/emojis/elephant.png,,0,elephant
:panda_face:,http://www.emoji-cheat-sheet.com/graphics/emojis/panda_face.png,,1,panda_face
:snake:,http://www.emoji-cheat-sheet.com/graphics/emojis/snake.png,,0,snake
:bird:,http://www.emoji-cheat-sheet.com/graphics/emojis/bird.png,,0,bird
:baby_chick:,http://www.emoji-cheat-sheet.com/graphics/emojis/baby_chick.png,,0,baby_chick
:hatched_chick:,http://www.emoji-cheat-sheet.com/graphics/emojis/hatched_chick.png,,0,hatched_chick
:hatching_chick:,http://www.emoji-cheat-sheet.com/graphics/emojis/hatching_chick.png,,0,hatching_chick
:chicken:,http://www.emoji-cheat-sheet.com/graphics/emojis/chicken.png,,0,chicken
:penguin:,http://www.emoji-cheat-sheet.com/graphics/emojis/penguin.png,,0,penguin
:turtle:,http://www.emoji-cheat-sheet.com/graphics/emojis/turtle.png,,0,turtle
:bug:,http://www.emoji-cheat-sheet.com/graphics/emojis/bug.png,,0,bug
:honeybee:,http://www.emoji-cheat-sheet.com/graphics/emojis/honeybee.png,,0,honeybee
:ant:,http://www.emoji-cheat-sheet.com/graphics/emojis/ant.png,,0,ant
:beetle:,http://www.emoji-cheat-sheet.com/graphics/emojis/beetle.png,,0,beetle
:snail:,http://www.emoji-cheat-sheet.com/graphics/emojis/snail.png,,0,snail
:octopus:,http://www.emoji-cheat-sheet.com/graphics/emojis/octopus.png,,0,octopus
:tropical_fish:,http://www.emoji-cheat-sheet.com/graphics/emojis/tropical_fish.png,,0,tropical_fish
:fish:,http://www.emoji-cheat-sheet.com/graphics/emojis/fish.png,,0,fish
:whale:,http://www.emoji-cheat-sheet.com/graphics/emojis/whale.png,,0,whale
:whale2:,http://www.emoji-cheat-sheet.com/graphics/emojis/whale2.png,,0,whale2
:dolphin:,http://www.emoji-cheat-sheet.com/graphics/emojis/dolphin.png,,0,dolphin
:cow2:,http://www.emoji-cheat-sheet.com/graphics/emojis/cow2.png,,0,cow2
:ram:,http://www.emoji-cheat-sheet.com/graphics/emojis/ram.png,,0,ram
:rat:,http://www.emoji-cheat-sheet.com/graphics/emojis/rat.png,,0,rat
:water_buffalo:,http://www.emoji-cheat-sheet.com/graphics/emojis/water_buffalo.png,,0,water_buffalo
:tiger2:,http://www.emoji-cheat-sheet.com/graphics/emojis/tiger2.png,,0,tiger2
:rabbit2:,http://www.emoji-cheat-sheet.com/graphics/emojis/rabbit2.png,,0,rabbit2
:dragon:,http://www.emoji-cheat-sheet.com/graphics/emojis/dragon.png,,0,dragon
:goat:,http://www.emoji-cheat-sheet.com/graphics/emojis/goat.png,,0,goat
:rooster:,http://www.emoji-cheat-sheet.com/graphics/emojis/rooster.png,,0,rooster
:dog2:,http://www.emoji-cheat-sheet.com/graphics/emojis/dog2.png,,0,dog2
:pig2:,http://www.emoji-cheat-sheet.com/graphics/emojis/pig2.png,,0,pig2
:mouse2:,http://www.emoji-cheat-sheet.com/graphics/emojis/mouse2.png,,0,mouse2
:ox:,http://www.emoji-cheat-sheet.com/graphics/emojis/ox.png,,0,ox
:dragon_face:,http://www.emoji-cheat-sheet.com/graphics/emojis/dragon_face.png,,0,dragon_face
:blowfish:,http://www.emoji-cheat-sheet.com/graphics/emojis/blowfish.png,,0,blowfish
:crocodile:,http://www.emoji-cheat-sheet.com/graphics/emojis/crocodile.png,,0,crocodile
:dromedary_camel:,http://www.emoji-cheat-sheet.com/graphics/emojis/dromedary_camel.png,,0,dromedary_camel
:leopard:,http://www.emoji-cheat-sheet.com/graphics/emojis/leopard.png,,0,leopard
:cat2:,http://www.emoji-cheat-sheet.com/graphics/emojis/cat2.png,,0,cat2
:poodle:,http://www.emoji-cheat-sheet.com/graphics/emojis/poodle.png,,0,poodle
:paw_prints:,http://www.emoji-cheat-sheet.com/graphics/emojis/paw_prints.png,,0,paw_prints
:bouquet:,http://www.emoji-cheat-sheet.com/graphics/emojis/bouquet.png,,0,bouquet
:cherry_blossom:,http://www.emoji-cheat-sheet.com/graphics/emojis/cherry_blossom.png,,0,cherry_blossom
:tulip:,http://www.emoji-cheat-sheet.com/graphics/emojis/tulip.png,,0,tulip
:four_leaf_clover:,http://www.emoji-cheat-sheet.com/graphics/emojis/four_leaf_clover.png,,1,four_leaf_clover
:rose:,http://www.emoji-cheat-sheet.com/graphics/emojis/rose.png,,0,rose
:sunflower:,http://www.emoji-cheat-sheet.com/graphics/emojis/sunflower.png,,0,sunflower
:hibiscus:,http://www.emoji-cheat-sheet.com/graphics/emojis/hibiscus.png,,0,hibiscus
:maple_leaf:,http://www.emoji-cheat-sheet.com/graphics/emojis/maple_leaf.png,,0,maple_leaf
:leaves:,http://www.emoji-cheat-sheet.com/graphics/emojis/leaves.png,,0,leaves
:fallen_leaf:,http://www.emoji-cheat-sheet.com/graphics/emojis/fallen_leaf.png,,0,fallen_leaf
:herb:,http://www.emoji-cheat-sheet.com/graphics/emojis/herb.png,,0,herb
:mushroom:,http://www.emoji-cheat-sheet.com/graphics/emojis/mushroom.png,,0,mushroom
:cactus:,http://www.emoji-cheat-sheet.com/graphics/emojis/cactus.png,,0,cactus
:palm_tree:,http://www.emoji-cheat-sheet.com/graphics/emojis/palm_tree.png,,0,palm_tree
:evergreen_tree:,http://www.emoji-cheat-sheet.com/graphics/emojis/evergreen_tree.png,,0,evergreen_tree
:deciduous_tree:,http://www.emoji-cheat-sheet.com/graphics/emojis/deciduous_tree.png,,0,deciduous_tree
:chestnut:,http://www.emoji-cheat-sheet.com/graphics/emojis/chestnut.png,,0,chestnut
:seedling:,http://www.emoji-cheat-sheet.com/graphics/emojis/seedling.png,,0,seedling
:blossom:,http://www.emoji-cheat-sheet.com/graphics/emojis/blossom.png,,0,blossom
:ear_of_rice:,http://www.emoji-cheat-sheet.com/graphics/emojis/ear_of_rice.png,,0,ear_of_rice
:shell:,http://www.emoji-cheat-sheet.com/graphics/emojis/shell.png,,0,shell
:globe_with_meridians:,http://www.emoji-cheat-sheet.com/graphics/emojis/globe_with_meridians.png,,0,globe_with_meridians
:sun_with_face:,http://www.emoji-cheat-sheet.com/graphics/emojis/sun_with_face.png,,1,sun_with_face
:full_moon_with_face:,http://www.emoji-cheat-sheet.com/graphics/emojis/full_moon_with_face.png,,1,full_moon_with_face
:new_moon_with_face:,http://www.emoji-cheat-sheet.com/graphics/emojis/new_moon_with_face.png,,0,new_moon_with_face
:new_moon:,http://www.emoji-cheat-sheet.com/graphics/emojis/new_moon.png,,0,new_moon
:waxing_crescent_moon:,http://www.emoji-cheat-sheet.com/graphics/emojis/waxing_crescent_moon.png,,0,waxing_crescent_moon
:first_quarter_moon:,http://www.emoji-cheat-sheet.com/graphics/emojis/first_quarter_moon.png,,0,first_quarter_moon
:waxing_gibbous_moon:,http://www.emoji-cheat-sheet.com/graphics/emojis/waxing_gibbous_moon.png,,0,waxing_gibbous_moon
:full_moon:,http://www.emoji-cheat-sheet.com/graphics/emojis/full_moon.png,,0,full_moon
:waning_gibbous_moon:,http://www.emoji-cheat-sheet.com/graphics/emojis/waning_gibbous_moon.png,,0,waning_gibbous_moon
:last_quarter_moon:,http://www.emoji-cheat-sheet.com/graphics/emojis/last_quarter_moon.png,,0,last_quarter_moon
:waning_crescent_moon:,http://www.emoji-cheat-sheet.com/graphics/emojis/waning_crescent_moon.png,,0,waning_crescent_moon
:last_quarter_moon_with_face:,http://www.emoji-cheat-sheet.com/graphics/emojis/last_quarter_moon_with_face.png,,0,last_quarter_moon_with_face
:first_quarter_moon_with_face:,http://www.emoji-cheat-sheet.com/graphics/emojis/first_quarter_moon_with_face.png,,0,first_quarter_moon_with_face
:crescent_moon:,http://www.emoji-cheat-sheet.com/graphics/emojis/crescent_moon.png,,0,crescent_moon
:earth_africa:,http://www.emoji-cheat-sheet.com/graphics/emojis/earth_africa.png,,0,earth_africa
:earth_americas:,http://www.emoji-cheat-sheet.com/graphics/emojis/earth_americas.png,,0,earth_americas
:earth_asia:,http://www.emoji-cheat-sheet.com/graphics/emojis/earth_asia.png,,0,earth_asia
:volcano:,http://www.emoji-cheat-sheet.com/graphics/emojis/volcano.png,,0,volcano
:milky_way:,http://www.emoji-cheat-sheet.com/graphics/emojis/milky_way.png,,0,milky_way
:partly_sunny:,http://www.emoji-cheat-sheet.com/graphics/emojis/partly_sunny.png,,0,partly_sunny
:octocat:,http://www.emoji-cheat-sheet.com/graphics/emojis/octocat.png,,0,octocat
:squirrel:,http://www.emoji-cheat-sheet.com/graphics/emojis/squirrel.png,,1,squirrel
:bamboo:,http://www.emoji-cheat-sheet.com/graphics/emojis/bamboo.png,,0,bamboo
:gift_heart:,http://www.emoji-cheat-sheet.com/graphics/emojis/gift_heart.png,,1,gift_heart
:dolls:,http://www.emoji-cheat-sheet.com/graphics/emojis/dolls.png,,0,dolls
:school_satchel:,http://www.emoji-cheat-sheet.com/graphics/emojis/school_satchel.png,,0,school_satchel
:mortar_board:,http://www.emoji-cheat-sheet.com/graphics/emojis/mortar_board.png,,0,mortar_board
:flags:,http://www.emoji-cheat-sheet.com/graphics/emojis/flags.png,,0,flags
:fireworks:,http://www.emoji-cheat-sheet.com/graphics/emojis/fireworks.png,,1,fireworks
:sparkler:,http://www.emoji-cheat-sheet.com/graphics/emojis/sparkler.png,,1,sparkler
:wind_chime:,http://www.emoji-cheat-sheet.com/graphics/emojis/wind_chime.png,,0,wind_chime
:rice_scene:,http://www.emoji-cheat-sheet.com/graphics/emojis/rice_scene.png,,0,rice_scene
:jack_o_lantern:,http://www.emoji-cheat-sheet.com/graphics/emojis/jack_o_lantern.png,,0,jack_o_lantern
:ghost:,http://www.emoji-cheat-sheet.com/graphics/emojis/ghost.png,,0,ghost
:santa:,http://www.emoji-cheat-sheet.com/graphics/emojis/santa.png,,1,santa
:christmas_tree:,http://www.emoji-cheat-sheet.com/graphics/emojis/christmas_tree.png,,1,christmas_tree
:gift:,http://www.emoji-cheat-sheet.com/graphics/emojis/gift.png,,1,gift
:bell:,http://www.emoji-cheat-sheet.com/graphics/emojis/bell.png,,1,bell
:no_bell:,http://www.emoji-cheat-sheet.com/graphics/emojis/no_bell.png,,-1,no_bell
:tanabata_tree:,http://www.emoji-cheat-sheet.com/graphics/emojis/tanabata_tree.png,,0,tanabata_tree
:tada:,http://www.emoji-cheat-sheet.com/graphics/emojis/tada.png,,1,tada
:confetti_ball:,http://www.emoji-cheat-sheet.com/graphics/emojis/confetti_ball.png,,1,confetti_ball
:balloon:,http://www.emoji-cheat-sheet.com/graphics/emojis/balloon.png,,1,balloon
:crystal_ball:,http://www.emoji-cheat-sheet.com/graphics/emojis/crystal_ball.png,,0,crystal_ball
:cd:,http://www.emoji-cheat-sheet.com/graphics/emojis/cd.png,,0,cd
:dvd:,http://www.emoji-cheat-sheet.com/graphics/emojis/dvd.png,,0,dvd
:floppy_disk:,http://www.emoji-cheat-sheet.com/graphics/emojis/floppy_disk.png,,0,floppy_disk
:camera:,http://www.emoji-cheat-sheet.com/graphics/emojis/camera.png,,0,camera
:video_camera:,http://www.emoji-cheat-sheet.com/graphics/emojis/video_camera.png,,0,video_camera
:movie_camera:,http://www.emoji-cheat-sheet.com/graphics/emojis/movie_camera.png,,0,movie_camera
:computer:,http://www.emoji-cheat-sheet.com/graphics/emojis/computer.png,,0,computer
:tv:,http://www.emoji-cheat-sheet.com/graphics/emojis/tv.png,,0,tv
:iphone:,http://www.emoji-cheat-sheet.com/graphics/emojis/iphone.png,,0,iphone
:phone:,http://www.emoji-cheat-sheet.com/graphics/emojis/phone.png,,0,phone
:telephone:,http://www.emoji-cheat-sheet.com/graphics/emojis/telephone.png,,0,telephone
:telephone_receiver:,http://www.emoji-cheat-sheet.com/graphics/emojis/telephone_receiver.png,,0,telephone_receiver
:pager:,http://www.emoji-cheat-sheet.com/graphics/emojis/pager.png,,0,pager
:fax:,http://www.emoji-cheat-sheet.com/graphics/emojis/fax.png,,0,fax
:minidisc:,http://www.emoji-cheat-sheet.com/graphics/emojis/minidisc.png,,0,minidisc
:vhs:,http://www.emoji-cheat-sheet.com/graphics/emojis/vhs.png,,0,vhs
:sound:,http://www.emoji-cheat-sheet.com/graphics/emojis/sound.png,,0,sound
:speaker:,http://www.emoji-cheat-sheet.com/graphics/emojis/speaker.png,,0,speaker
:mute:,http://www.emoji-cheat-sheet.com/graphics/emojis/mute.png,,0,mute
:loudspeaker:,http://www.emoji-cheat-sheet.com/graphics/emojis/loudspeaker.png,,1,loudspeaker
:mega:,http://www.emoji-cheat-sheet.com/graphics/emojis/mega.png,,1,mega
:hourglass:,http://www.emoji-cheat-sheet.com/graphics/emojis/hourglass.png,,0,hourglass
:hourglass_flowing_sand:,http://www.emoji-cheat-sheet.com/graphics/emojis/hourglass_flowing_sand.png,,0,hourglass_flowing_sand
:alarm_clock:,http://www.emoji-cheat-sheet.com/graphics/emojis/alarm_clock.png,,0,alarm_clock
:watch:,http://www.emoji-cheat-sheet.com/graphics/emojis/watch.png,,0,watch
:radio:,http://www.emoji-cheat-sheet.com/graphics/emojis/radio.png,,0,radio
:satellite:,http://www.emoji-cheat-sheet.com/graphics/emojis/satellite.png,,0,satellite
:loop:,http://www.emoji-cheat-sheet.com/graphics/emojis/loop.png,,0,loop
:mag:,http://www.emoji-cheat-sheet.com/graphics/emojis/mag.png,,0,mag
:mag_right:,http://www.emoji-cheat-sheet.com/graphics/emojis/mag_right.png,,0,mag_right
:unlock:,http://www.emoji-cheat-sheet.com/graphics/emojis/unlock.png,,0,unlock
:lock:,http://www.emoji-cheat-sheet.com/graphics/emojis/lock.png,,0,lock
:lock_with_ink_pen:,http://www.emoji-cheat-sheet.com/graphics/emojis/lock_with_ink_pen.png,,0,lock_with_ink_pen
:closed_lock_with_key:,http://www.emoji-cheat-sheet.com/graphics/emojis/closed_lock_with_key.png,,0,closed_lock_with_key
:key:,http://www.emoji-cheat-sheet.com/graphics/emojis/key.png,,0,key
:bulb:,http://www.emoji-cheat-sheet.com/graphics/emojis/bulb.png,,1,bulb
:flashlight:,http://www.emoji-cheat-sheet.com/graphics/emojis/flashlight.png,,0,flashlight
:high_brightness:,http://www.emoji-cheat-sheet.com/graphics/emojis/high_brightness.png,,1,high_brightness
:low_brightness:,http://www.emoji-cheat-sheet.com/graphics/emojis/low_brightness.png,,0,low_brightness
:electric_plug:,http://www.emoji-cheat-sheet.com/graphics/emojis/electric_plug.png,,0,electric_plug
:battery:,http://www.emoji-cheat-sheet.com/graphics/emojis/battery.png,,0,battery
:calling:,http://www.emoji-cheat-sheet.com/graphics/emojis/calling.png,,0,calling
:email:,http://www.emoji-cheat-sheet.com/graphics/emojis/email.png,,0,email
:mailbox:,http://www.emoji-cheat-sheet.com/graphics/emojis/mailbox.png,,0,mailbox
:postbox:,http://www.emoji-cheat-sheet.com/graphics/emojis/postbox.png,,0,postbox
:bath:,http://www.emoji-cheat-sheet.com/graphics/emojis/bath.png,,0,bath
:bathtub:,http://www.emoji-cheat-sheet.com/graphics/emojis/bathtub.png,,0,bathtub
:shower:,http://www.emoji-cheat-sheet.com/graphics/emojis/shower.png,,0,shower
:toilet:,http://www.emoji-cheat-sheet.com/graphics/emojis/toilet.png,,-1,toilet
:wrench:,http://www.emoji-cheat-sheet.com/graphics/emojis/wrench.png,,0,wrench
:nut_and_bolt:,http://www.emoji-cheat-sheet.com/graphics/emojis/nut_and_bolt.png,,0,nut_and_bolt
:hammer:,http://www.emoji-cheat-sheet.com/graphics/emojis/hammer.png,,0,hammer
:seat:,http://www.emoji-cheat-sheet.com/graphics/emojis/seat.png,,0,seat
:moneybag:,http://www.emoji-cheat-sheet.com/graphics/emojis/moneybag.png,,1,moneybag
:yen:,http://www.emoji-cheat-sheet.com/graphics/emojis/yen.png,,1,yen
:dollar:,http://www.emoji-cheat-sheet.com/graphics/emojis/dollar.png,,1,dollar
:pound:,http://www.emoji-cheat-sheet.com/graphics/emojis/pound.png,,1,pound
:euro:,http://www.emoji-cheat-sheet.com/graphics/emojis/euro.png,,1,euro
:credit_card:,http://www.emoji-cheat-sheet.com/graphics/emojis/credit_card.png,,0,credit_card
:money_with_wings:,http://www.emoji-cheat-sheet.com/graphics/emojis/money_with_wings.png,,1,money_with_wings
:e-mail:,http://www.emoji-cheat-sheet.com/graphics/emojis/e-mail.png,,0,e-mail
:inbox_tray:,http://www.emoji-cheat-sheet.com/graphics/emojis/inbox_tray.png,,0,inbox_tray
:outbox_tray:,http://www.emoji-cheat-sheet.com/graphics/emojis/outbox_tray.png,,0,outbox_tray
:envelope:,http://www.emoji-cheat-sheet.com/graphics/emojis/envelope.png,,0,envelope
:incoming_envelope:,http://www.emoji-cheat-sheet.com/graphics/emojis/incoming_envelope.png,,0,incoming_envelope
:postal_horn:,http://www.emoji-cheat-sheet.com/graphics/emojis/postal_horn.png,,0,postal_horn
:mailbox_closed:,http://www.emoji-cheat-sheet.com/graphics/emojis/mailbox_closed.png,,0,mailbox_closed
:mailbox_with_mail:,http://www.emoji-cheat-sheet.com/graphics/emojis/mailbox_with_mail.png,,0,mailbox_with_mail
:mailbox_with_no_mail:,http://www.emoji-cheat-sheet.com/graphics/emojis/mailbox_with_no_mail.png,,0,mailbox_with_no_mail
:package:,http://www.emoji-cheat-sheet.com/graphics/emojis/package.png,,0,package
:door:,http://www.emoji-cheat-sheet.com/graphics/emojis/door.png,,0,door
:smoking:,http://www.emoji-cheat-sheet.com/graphics/emojis/smoking.png,,0,smoking
:bomb:,http://www.emoji-cheat-sheet.com/graphics/emojis/bomb.png,,-1,bomb
:gun:,http://www.emoji-cheat-sheet.com/graphics/emojis/gun.png,,-1,gun
:hocho:,http://www.emoji-cheat-sheet.com/graphics/emojis/hocho.png,,-1,hocho
:pill:,http://www.emoji-cheat-sheet.com/graphics/emojis/pill.png,,0,pill
:syringe:,http://www.emoji-cheat-sheet.com/graphics/emojis/syringe.png,,0,syringe
:page_facing_up:,http://www.emoji-cheat-sheet.com/graphics/emojis/page_facing_up.png,,0,page_facing_up
:page_with_curl:,http://www.emoji-cheat-sheet.com/graphics/emojis/page_with_curl.png,,0,page_with_curl
:bookmark_tabs:,http://www.emoji-cheat-sheet.com/graphics/emojis/bookmark_tabs.png,,0,bookmark_tabs
:bar_chart:,http://www.emoji-cheat-sheet.com/graphics/emojis/bar_chart.png,,0,bar_chart
:chart_with_upwards_trend:,http://www.emoji-cheat-sheet.com/graphics/emojis/chart_with_upwards_trend.png,,0,chart_with_upwards_trend
:chart_with_downwards_trend:,http://www.emoji-cheat-sheet.com/graphics/emojis/chart_with_downwards_trend.png,,0,chart_with_downwards_trend
:scroll:,http://www.emoji-cheat-sheet.com/graphics/emojis/scroll.png,,0,scroll
:clipboard:,http://www.emoji-cheat-sheet.com/graphics/emojis/clipboard.png,,0,clipboard
:calendar:,http://www.emoji-cheat-sheet.com/graphics/emojis/calendar.png,,0,calendar
:date:,http://www.emoji-cheat-sheet.com/graphics/emojis/date.png,,0,date
:card_index:,http://www.emoji-cheat-sheet.com/graphics/emojis/card_index.png,,0,card_index
:file_folder:,http://www.emoji-cheat-sheet.com/graphics/emojis/file_folder.png,,0,file_folder
:open_file_folder:,http://www.emoji-cheat-sheet.com/graphics/emojis/open_file_folder.png,,0,open_file_folder
:scissors:,http://www.emoji-cheat-sheet.com/graphics/emojis/scissors.png,,0,scissors
:pushpin:,http://www.emoji-cheat-sheet.com/graphics/emojis/pushpin.png,,0,pushpin
:paperclip:,http://www.emoji-cheat-sheet.com/graphics/emojis/paperclip.png,,0,paperclip
:black_nib:,http://www.emoji-cheat-sheet.com/graphics/emojis/black_nib.png,,0,black_nib
:pencil2:,http://www.emoji-cheat-sheet.com/graphics/emojis/pencil2.png,,0,pencil2
:straight_ruler:,http://www.emoji-cheat-sheet.com/graphics/emojis/straight_ruler.png,,0,straight_ruler
:triangular_ruler:,http://www.emoji-cheat-sheet.com/graphics/emojis/triangular_ruler.png,,0,triangular_ruler
:closed_book:,http://www.emoji-cheat-sheet.com/graphics/emojis/closed_book.png,,0,closed_book
:green_book:,http://www.emoji-cheat-sheet.com/graphics/emojis/green_book.png,,0,green_book
:blue_book:,http://www.emoji-cheat-sheet.com/graphics/emojis/blue_book.png,,0,blue_book
:orange_book:,http://www.emoji-cheat-sheet.com/graphics/emojis/orange_book.png,,0,orange_book
:notebook:,http://www.emoji-cheat-sheet.com/graphics/emojis/notebook.png,,0,notebook
:notebook_with_decorative_cover:,http://www.emoji-cheat-sheet.com/graphics/emojis/notebook_with_decorative_cover.png,,0,notebook_with_decorative_cover
:ledger:,http://www.emoji-cheat-sheet.com/graphics/emojis/ledger.png,,0,ledger
:books:,http://www.emoji-cheat-sheet.com/graphics/emojis/books.png,,0,books
:bookmark:,http://www.emoji-cheat-sheet.com/graphics/emojis/bookmark.png,,0,bookmark
:name_badge:,http://www.emoji-cheat-sheet.com/graphics/emojis/name_badge.png,,0,name_badge
:microscope:,http://www.emoji-cheat-sheet.com/graphics/emojis/microscope.png,,0,microscope
:telescope:,http://www.emoji-cheat-sheet.com/graphics/emojis/telescope.png,,0,telescope
:newspaper:,http://www.emoji-cheat-sheet.com/graphics/emojis/newspaper.png,,0,newspaper
:football:,http://www.emoji-cheat-sheet.com/graphics/emojis/football.png,,0,football
:basketball:,http://www.emoji-cheat-sheet.com/graphics/emojis/basketball.png,,0,basketball
:soccer:,http://www.emoji-cheat-sheet.com/graphics/emojis/soccer.png,,0,soccer
:baseball:,http://www.emoji-cheat-sheet.com/graphics/emojis/baseball.png,,0,baseball
:tennis:,http://www.emoji-cheat-sheet.com/graphics/emojis/tennis.png,,0,tennis
:8ball:,http://www.emoji-cheat-sheet.com/graphics/emojis/8ball.png,,0,8ball
:rugby_football:,http://www.emoji-cheat-sheet.com/graphics/emojis/rugby_football.png,,0,rugby_football
:bowling:,http://www.emoji-cheat-sheet.com/graphics/emojis/bowling.png,,0,bowling
:golf:,http://www.emoji-cheat-sheet.com/graphics/emojis/golf.png,,0,golf
:mountain_bicyclist:,http://www.emoji-cheat-sheet.com/graphics/emojis/mountain_bicyclist.png,,0,mountain_bicyclist
:bicyclist:,http://www.emoji-cheat-sheet.com/graphics/emojis/bicyclist.png,,0,bicyclist
:horse_racing:,http://www.emoji-cheat-sheet.com/graphics/emojis/horse_racing.png,,0,horse_racing
:snowboarder:,http://www.emoji-cheat-sheet.com/graphics/emojis/snowboarder.png,,0,snowboarder
:swimmer:,http://www.emoji-cheat-sheet.com/graphics/emojis/swimmer.png,,0,swimmer
:surfer:,http://www.emoji-cheat-sheet.com/graphics/emojis/surfer.png,,0,surfer
:ski:,http://www.emoji-cheat-sheet.com/graphics/emojis/ski.png,,0,ski
:spades:,http://www.emoji-cheat-sheet.com/graphics/emojis/spades.png,,0,spades
:hearts:,http://www.emoji-cheat-sheet.com/graphics/emojis/hearts.png,,1,hearts
:clubs:,http://www.emoji-cheat-sheet.com/graphics/emojis/clubs.png,,0,clubs
:diamonds:,http://www.emoji-cheat-sheet.com/graphics/emojis/diamonds.png,,0,diamonds
:gem:,http://www.emoji-cheat-sheet.com/graphics/emojis/gem.png,,1,gem
:ring:,http://www.emoji-cheat-sheet.com/graphics/emojis/ring.png,,0,ring
:trophy:,http://www.emoji-cheat-sheet.com/graphics/emojis/trophy.png,,1,trophy
:musical_score:,http://www.emoji-cheat-sheet.com/graphics/emojis/musical_score.png,,0,musical_score
:musical_keyboard:,http://www.emoji-cheat-sheet.com/graphics/emojis/musical_keyboard.png,,0,musical_keyboard
:violin:,http://www.emoji-cheat-sheet.com/graphics/emojis/violin.png,,0,violin
:space_invader:,http://www.emoji-cheat-sheet.com/graphics/emojis/space_invader.png,,0,space_invader
:video_game:,http://www.emoji-cheat-sheet.com/graphics/emojis/video_game.png,,0,video_game
:black_joker:,http://www.emoji-cheat-sheet.com/graphics/emojis/black_joker.png,,0,black_joker
:flower_playing_cards:,http://www.emoji-cheat-sheet.com/graphics/emojis/flower_playing_cards.png,,0,flower_playing_cards
:game_die:,http://www.emoji-cheat-sheet.com/graphics/emojis/game_die.png,,0,game_die
:dart:,http://www.emoji-cheat-sheet.com/graphics/emojis/dart.png,,1,dart
:mahjong:,http://www.emoji-cheat-sheet.com/graphics/emojis/mahjong.png,,0,mahjong
:clapper:,http://www.emoji-cheat-sheet.com/graphics/emojis/clapper.png,,0,clapper
:memo:,http://www.emoji-cheat-sheet.com/graphics/emojis/memo.png,,0,memo
:pencil:,http://www.emoji-cheat-sheet.com/graphics/emojis/pencil.png,,0,pencil
:book:,http://www.emoji-cheat-sheet.com/graphics/emojis/book.png,,0,book
:art:,http://www.emoji-cheat-sheet.com/graphics/emojis/art.png,,0,art
:microphone:,http://www.emoji-cheat-sheet.com/graphics/emojis/microphone.png,,0,microphone
:headphones:,http://www.emoji-cheat-sheet.com/graphics/emojis/headphones.png,,0,headphones
:trumpet:,http://www.emoji-cheat-sheet.com/graphics/emojis/trumpet.png,,1,trumpet
:saxophone:,http://www.emoji-cheat-sheet.com/graphics/emojis/saxophone.png,,1,saxophone
:guitar:,http://www.emoji-cheat-sheet.com/graphics/emojis/guitar.png,,1,guitar
:shoe:,http://www.emoji-cheat-sheet.com/graphics/emojis/shoe.png,,1,shoe
:sandal:,http://www.emoji-cheat-sheet.com/graphics/emojis/sandal.png,,1,sandal
:high_heel:,http://www.emoji-cheat-sheet.com/graphics/emojis/high_heel.png,,1,high_heel
:lipstick:,http://www.emoji-cheat-sheet.com/graphics/emojis/lipstick.png,,1,lipstick
:boot:,http://www.emoji-cheat-sheet.com/graphics/emojis/boot.png,,1,boot
:shirt:,http://www.emoji-cheat-sheet.com/graphics/emojis/shirt.png,,1,shirt
:tshirt:,http://www.emoji-cheat-sheet.com/graphics/emojis/tshirt.png,,1,tshirt
:necktie:,http://www.emoji-cheat-sheet.com/graphics/emojis/necktie.png,,1,necktie
:womans_clothes:,http://www.emoji-cheat-sheet.com/graphics/emojis/womans_clothes.png,,1,womans_clothes
:dress:,http://www.emoji-cheat-sheet.com/graphics/emojis/dress.png,,1,dress
:running_shirt_with_sash:,http://www.emoji-cheat-sheet.com/graphics/emojis/running_shirt_with_sash.png,,0,running_shirt_with_sash
:jeans:,http://www.emoji-cheat-sheet.com/graphics/emojis/jeans.png,,0,jeans
:kimono:,http://www.emoji-cheat-sheet.com/graphics/emojis/kimono.png,,0,kimono
:bikini:,http://www.emoji-cheat-sheet.com/graphics/emojis/bikini.png,,0,bikini
:ribbon:,http://www.emoji-cheat-sheet.com/graphics/emojis/ribbon.png,,0,ribbon
:tophat:,http://www.emoji-cheat-sheet.com/graphics/emojis/tophat.png,,0,tophat
:crown:,http://www.emoji-cheat-sheet.com/graphics/emojis/crown.png,,1,crown
:womans_hat:,http://www.emoji-cheat-sheet.com/graphics/emojis/womans_hat.png,,0,womans_hat
:mans_shoe:,http://www.emoji-cheat-sheet.com/graphics/emojis/mans_shoe.png,,0,mans_shoe
:closed_umbrella:,http://www.emoji-cheat-sheet.com/graphics/emojis/closed_umbrella.png,,0,closed_umbrella
:briefcase:,http://www.emoji-cheat-sheet.com/graphics/emojis/briefcase.png,,0,briefcase
:handbag:,http://www.emoji-cheat-sheet.com/graphics/emojis/handbag.png,,0,handbag
:pouch:,http://www.emoji-cheat-sheet.com/graphics/emojis/pouch.png,,0,pouch
:purse:,http://www.emoji-cheat-sheet.com/graphics/emojis/purse.png,,0,purse
:eyeglasses:,http://www.emoji-cheat-sheet.com/graphics/emojis/eyeglasses.png,,1,eyeglasses
:fishing_pole_and_fish:,http://www.emoji-cheat-sheet.com/graphics/emojis/fishing_pole_and_fish.png,,0,fishing_pole_and_fish
:coffee:,http://www.emoji-cheat-sheet.com/graphics/emojis/coffee.png,,0,coffee
:tea:,http://www.emoji-cheat-sheet.com/graphics/emojis/tea.png,,0,tea
:sake:,http://www.emoji-cheat-sheet.com/graphics/emojis/sake.png,,0,sake
:baby_bottle:,http://www.emoji-cheat-sheet.com/graphics/emojis/baby_bottle.png,,0,baby_bottle
:beer:,http://www.emoji-cheat-sheet.com/graphics/emojis/beer.png,,1,beer
:beers:,http://www.emoji-cheat-sheet.com/graphics/emojis/beers.png,,1,beers
:cocktail:,http://www.emoji-cheat-sheet.com/graphics/emojis/cocktail.png,,0,cocktail
:tropical_drink:,http://www.emoji-cheat-sheet.com/graphics/emojis/tropical_drink.png,,0,tropical_drink
:wine_glass:,http://www.emoji-cheat-sheet.com/graphics/emojis/wine_glass.png,,0,wine_glass
:fork_and_knife:,http://www.emoji-cheat-sheet.com/graphics/emojis/fork_and_knife.png,,0,fork_and_knife
:pizza:,http://www.emoji-cheat-sheet.com/graphics/emojis/pizza.png,,0,pizza
:hamburger:,http://www.emoji-cheat-sheet.com/graphics/emojis/hamburger.png,,0,hamburger
:fries:,http://www.emoji-cheat-sheet.com/graphics/emojis/fries.png,,0,fries
:poultry_leg:,http://www.emoji-cheat-sheet.com/graphics/emojis/poultry_leg.png,,0,poultry_leg
:meat_on_bone:,http://www.emoji-cheat-sheet.com/graphics/emojis/meat_on_bone.png,,0,meat_on_bone
:spaghetti:,http://www.emoji-cheat-sheet.com/graphics/emojis/spaghetti.png,,0,spaghetti
:curry:,http://www.emoji-cheat-sheet.com/graphics/emojis/curry.png,,0,curry
:fried_shrimp:,http://www.emoji-cheat-sheet.com/graphics/emojis/fried_shrimp.png,,0,fried_shrimp
:bento:,http://www.emoji-cheat-sheet.com/graphics/emojis/bento.png,,0,bento
:sushi:,http://www.emoji-cheat-sheet.com/graphics/emojis/sushi.png,,0,sushi
:fish_cake:,http://www.emoji-cheat-sheet.com/graphics/emojis/fish_cake.png,,0,fish_cake
:rice_ball:,http://www.emoji-cheat-sheet.com/graphics/emojis/rice_ball.png,,0,rice_ball
:rice_cracker:,http://www.emoji-cheat-sheet.com/graphics/emojis/rice_cracker.png,,0,rice_cracker
:rice:,http://www.emoji-cheat-sheet.com/graphics/emojis/rice.png,,0,rice
:ramen:,http://www.emoji-cheat-sheet.com/graphics/emojis/ramen.png,,0,ramen
:stew:,http://www.emoji-cheat-sheet.com/graphics/emojis/stew.png,,0,stew
:oden:,http://www.emoji-cheat-sheet.com/graphics/emojis/oden.png,,0,oden
:dango:,http://www.emoji-cheat-sheet.com/graphics/emojis/dango.png,,0,dango
:egg:,http://www.emoji-cheat-sheet.com/graphics/emojis/egg.png,,0,egg
:bread:,http://www.emoji-cheat-sheet.com/graphics/emojis/bread.png,,0,bread
:doughnut:,http://www.emoji-cheat-sheet.com/graphics/emojis/doughnut.png,,0,doughnut
:custard:,http://www.emoji-cheat-sheet.com/graphics/emojis/custard.png,,0,custard
:icecream:,http://www.emoji-cheat-sheet.com/graphics/emojis/icecream.png,,0,icecream
:ice_cream:,http://www.emoji-cheat-sheet.com/graphics/emojis/ice_cream.png,,0,ice_cream
:shaved_ice:,http://www.emoji-cheat-sheet.com/graphics/emojis/shaved_ice.png,,0,shaved_ice
:birthday:,http://www.emoji-cheat-sheet.com/graphics/emojis/birthday.png,,0,birthday
:cake:,http://www.emoji-cheat-sheet.com/graphics/emojis/cake.png,,0,cake
:cookie:,http://www.emoji-cheat-sheet.com/graphics/emojis/cookie.png,,0,cookie
:chocolate_bar:,http://www.emoji-cheat-sheet.com/graphics/emojis/chocolate_bar.png,,0,chocolate_bar
:candy:,http://www.emoji-cheat-sheet.com/graphics/emojis/candy.png,,0,candy
:lollipop:,http://www.emoji-cheat-sheet.com/graphics/emojis/lollipop.png,,0,lollipop
:honey_pot:,http://www.emoji-cheat-sheet.com/graphics/emojis/honey_pot.png,,0,honey_pot
:apple:,http://www.emoji-cheat-sheet.com/graphics/emojis/apple.png,,0,apple
:green_apple:,http://www.emoji-cheat-sheet.com/graphics/emojis/green_apple.png,,0,green_apple
:tangerine:,http://www.emoji-cheat-sheet.com/graphics/emojis/tangerine.png,,0,tangerine
:lemon:,http://www.emoji-cheat-sheet.com/graphics/emojis/lemon.png,,0,lemon
:cherries:,http://www.emoji-cheat-sheet.com/graphics/emojis/cherries.png,,0,cherries
:grapes:,http://www.emoji-cheat-sheet.com/graphics/emojis/grapes.png,,0,grapes
:watermelon:,http://www.emoji-cheat-sheet.com/graphics/emojis/watermelon.png,,0,watermelon
:strawberry:,http://www.emoji-cheat-sheet.com/graphics/emojis/strawberry.png,,0,strawberry
:peach:,http://www.emoji-cheat-sheet.com/graphics/emojis/peach.png,,0,peach
:melon:,http://www.emoji-cheat-sheet.com/graphics/emojis/melon.png,,0,melon
:banana:,http://www.emoji-cheat-sheet.com/graphics/emojis/banana.png,,0,banana
:pear:,http://www.emoji-cheat-sheet.com/graphics/emojis/pear.png,,0,pear
:pineapple:,http://www.emoji-cheat-sheet.com/graphics/emojis/pineapple.png,,0,pineapple
:sweet_potato:,http://www.emoji-cheat-sheet.com/graphics/emojis/sweet_potato.png,,0,sweet_potato
:eggplant:,http://www.emoji-cheat-sheet.com/graphics/emojis/eggplant.png,,0,eggplant
:tomato:,http://www.emoji-cheat-sheet.com/graphics/emojis/tomato.png,,0,tomato
:corn:,http://www.emoji-cheat-sheet.com/graphics/emojis/corn.png,,0,corn
:house:,http://www.emoji-cheat-sheet.com/graphics/emojis/house.png,,0,house
:house_with_garden:,http://www.emoji-cheat-sheet.com/graphics/emojis/house_with_garden.png,,0,house_with_garden
:school:,http://www.emoji-cheat-sheet.com/graphics/emojis/school.png,,0,school
:office:,http://www.emoji-cheat-sheet.com/graphics/emojis/office.png,,0,office
:post_office:,http://www.emoji-cheat-sheet.com/graphics/emojis/post_office.png,,0,post_office
:hospital:,http://www.emoji-cheat-sheet.com/graphics/emojis/hospital.png,,0,hospital
:bank:,http://www.emoji-cheat-sheet.com/graphics/emojis/bank.png,,0,bank
:convenience_store:,http://www.emoji-cheat-sheet.com/graphics/emojis/convenience_store.png,,0,convenience_store
:love_hotel:,http://www.emoji-cheat-sheet.com/graphics/emojis/love_hotel.png,,0,love_hotel
:hotel:,http://www.emoji-cheat-sheet.com/graphics/emojis/hotel.png,,0,hotel
:wedding:,http://www.emoji-cheat-sheet.com/graphics/emojis/wedding.png,,0,wedding
:church:,http://www.emoji-cheat-sheet.com/graphics/emojis/church.png,,0,church
:department_store:,http://www.emoji-cheat-sheet.com/graphics/emojis/department_store.png,,0,department_store
:european_post_office:,http://www.emoji-cheat-sheet.com/graphics/emojis/european_post_office.png,,0,european_post_office
:city_sunrise:,http://www.emoji-cheat-sheet.com/graphics/emojis/city_sunrise.png,,0,city_sunrise
:city_sunset:,http://www.emoji-cheat-sheet.com/graphics/emojis/city_sunset.png,,0,city_sunset
:japanese_castle:,http://www.emoji-cheat-sheet.com/graphics/emojis/japanese_castle.png,,0,japanese_castle
:european_castle:,http://www.emoji-cheat-sheet.com/graphics/emojis/european_castle.png,,0,european_castle
:tent:,http://www.emoji-cheat-sheet.com/graphics/emojis/tent.png,,0,tent
:factory:,http://www.emoji-cheat-sheet.com/graphics/emojis/factory.png,,0,factory
:tokyo_tower:,http://www.emoji-cheat-sheet.com/graphics/emojis/tokyo_tower.png,,0,tokyo_tower
:japan:,http://www.emoji-cheat-sheet.com/graphics/emojis/japan.png,,0,japan
:mount_fuji:,http://www.emoji-cheat-sheet.com/graphics/emojis/mount_fuji.png,,0,mount_fuji
:sunrise_over_mountains:,http://www.emoji-cheat-sheet.com/graphics/emojis/sunrise_over_mountains.png,,0,sunrise_over_mountains
:sunrise:,http://www.emoji-cheat-sheet.com/graphics/emojis/sunrise.png,,0,sunrise
:stars:,http://www.emoji-cheat-sheet.com/graphics/emojis/stars.png,,1,stars
:statue_of_liberty:,http://www.emoji-cheat-sheet.com/graphics/emojis/statue_of_liberty.png,,0,statue_of_liberty
:bridge_at_night:,http://www.emoji-cheat-sheet.com/graphics/emojis/bridge_at_night.png,,0,bridge_at_night
:carousel_horse:,http://www.emoji-cheat-sheet.com/graphics/emojis/carousel_horse.png,,0,carousel_horse
:rainbow:,http://www.emoji-cheat-sheet.com/graphics/emojis/rainbow.png,,1,rainbow
:ferris_wheel:,http://www.emoji-cheat-sheet.com/graphics/emojis/ferris_wheel.png,,0,ferris_wheel
:fountain:,http://www.emoji-cheat-sheet.com/graphics/emojis/fountain.png,,0,fountain
:roller_coaster:,http://www.emoji-cheat-sheet.com/graphics/emojis/roller_coaster.png,,0,roller_coaster
:ship:,http://www.emoji-cheat-sheet.com/graphics/emojis/ship.png,,0,ship
:speedboat:,http://www.emoji-cheat-sheet.com/graphics/emojis/speedboat.png,,0,speedboat
:boat:,http://www.emoji-cheat-sheet.com/graphics/emojis/boat.png,,0,boat
:sailboat:,http://www.emoji-cheat-sheet.com/graphics/emojis/sailboat.png,,0,sailboat
:rowboat:,http://www.emoji-cheat-sheet.com/graphics/emojis/rowboat.png,,0,rowboat
:anchor:,http://www.emoji-cheat-sheet.com/graphics/emojis/anchor.png,,0,anchor
:rocket:,http://www.emoji-cheat-sheet.com/graphics/emojis/rocket.png,,1,rocket
:airplane:,http://www.emoji-cheat-sheet.com/graphics/emojis/airplane.png,,0,airplane
:helicopter:,http://www.emoji-cheat-sheet.com/graphics/emojis/helicopter.png,,0,helicopter
:steam_locomotive:,http://www.emoji-cheat-sheet.com/graphics/emojis/steam_locomotive.png,,0,steam_locomotive
:tram:,http://www.emoji-cheat-sheet.com/graphics/emojis/tram.png,,0,tram
:mountain_railway:,http://www.emoji-cheat-sheet.com/graphics/emojis/mountain_railway.png,,0,mountain_railway
:bike:,http://www.emoji-cheat-sheet.com/graphics/emojis/bike.png,,0,bike
:aerial_tramway:,http://www.emoji-cheat-sheet.com/graphics/emojis/aerial_tramway.png,,0,aerial_tramway
:suspension_railway:,http://www.emoji-cheat-sheet.com/graphics/emojis/suspension_railway.png,,0,suspension_railway
:mountain_cableway:,http://www.emoji-cheat-sheet.com/graphics/emojis/mountain_cableway.png,,0,mountain_cableway
:tractor:,http://www.emoji-cheat-sheet.com/graphics/emojis/tractor.png,,0,tractor
:blue_car:,http://www.emoji-cheat-sheet.com/graphics/emojis/blue_car.png,,0,blue_car
:oncoming_automobile:,http://www.emoji-cheat-sheet.com/graphics/emojis/oncoming_automobile.png,,0,oncoming_automobile
:car:,http://www.emoji-cheat-sheet.com/graphics/emojis/car.png,,0,car
:red_car:,http://www.emoji-cheat-sheet.com/graphics/emojis/red_car.png,,0,red_car
:taxi:,http://www.emoji-cheat-sheet.com/graphics/emojis/taxi.png,,0,taxi
:oncoming_taxi:,http://www.emoji-cheat-sheet.com/graphics/emojis/oncoming_taxi.png,,0,oncoming_taxi
:articulated_lorry:,http://www.emoji-cheat-sheet.com/graphics/emojis/articulated_lorry.png,,0,articulated_lorry
:bus:,http://www.emoji-cheat-sheet.com/graphics/emojis/bus.png,,0,bus
:oncoming_bus:,http://www.emoji-cheat-sheet.com/graphics/emojis/oncoming_bus.png,,0,oncoming_bus
:rotating_light:,http://www.emoji-cheat-sheet.com/graphics/emojis/rotating_light.png,,0,rotating_light
:police_car:,http://www.emoji-cheat-sheet.com/graphics/emojis/police_car.png,,0,police_car
:oncoming_police_car:,http://www.emoji-cheat-sheet.com/graphics/emojis/oncoming_police_car.png,,0,oncoming_police_car
:fire_engine:,http://www.emoji-cheat-sheet.com/graphics/emojis/fire_engine.png,,0,fire_engine
:ambulance:,http://www.emoji-cheat-sheet.com/graphics/emojis/ambulance.png,,0,ambulance
:minibus:,http://www.emoji-cheat-sheet.com/graphics/emojis/minibus.png,,0,minibus
:truck:,http://www.emoji-cheat-sheet.com/graphics/emojis/truck.png,,0,truck
:train:,http://www.emoji-cheat-sheet.com/graphics/emojis/train.png,,0,train
:station:,http://www.emoji-cheat-sheet.com/graphics/emojis/station.png,,0,station
:train2:,http://www.emoji-cheat-sheet.com/graphics/emojis/train2.png,,0,train2
:bullettrain_front:,http://www.emoji-cheat-sheet.com/graphics/emojis/bullettrain_front.png,,0,bullettrain_front
:bullettrain_side:,http://www.emoji-cheat-sheet.com/graphics/emojis/bullettrain_side.png,,0,bullettrain_side
:light_rail:,http://www.emoji-cheat-sheet.com/graphics/emojis/light_rail.png,,0,light_rail
:monorail:,http://www.emoji-cheat-sheet.com/graphics/emojis/monorail.png,,0,monorail
:railway_car:,http://www.emoji-cheat-sheet.com/graphics/emojis/railway_car.png,,0,railway_car
:trolleybus:,http://www.emoji-cheat-sheet.com/graphics/emojis/trolleybus.png,,0,trolleybus
:ticket:,http://www.emoji-cheat-sheet.com/graphics/emojis/ticket.png,,0,ticket
:fuelpump:,http://www.emoji-cheat-sheet.com/graphics/emojis/fuelpump.png,,0,fuelpump
:vertical_traffic_light:,http://www.emoji-cheat-sheet.com/graphics/emojis/vertical_traffic_light.png,,0,vertical_traffic_light
:traffic_light:,http://www.emoji-cheat-sheet.com/graphics/emojis/traffic_light.png,,0,traffic_light
:warning:,http://www.emoji-cheat-sheet.com/graphics/emojis/warning.png,,-1,warning
:construction:,http://www.emoji-cheat-sheet.com/graphics/emojis/construction.png,,0,construction
:beginner:,http://www.emoji-cheat-sheet.com/graphics/emojis/beginner.png,,0,beginner
:atm:,http://www.emoji-cheat-sheet.com/graphics/emojis/atm.png,,0,atm
:slot_machine:,http://www.emoji-cheat-sheet.com/graphics/emojis/slot_machine.png,,0,slot_machine
:busstop:,http://www.emoji-cheat-sheet.com/graphics/emojis/busstop.png,,0,busstop
:barber:,http://www.emoji-cheat-sheet.com/graphics/emojis/barber.png,,0,barber
:hotsprings:,http://www.emoji-cheat-sheet.com/graphics/emojis/hotsprings.png,,0,hotsprings
:checkered_flag:,http://www.emoji-cheat-sheet.com/graphics/emojis/checkered_flag.png,,0,checkered_flag
:crossed_flags:,http://www.emoji-cheat-sheet.com/graphics/emojis/crossed_flags.png,,0,crossed_flags
:izakaya_lantern:,http://www.emoji-cheat-sheet.com/graphics/emojis/izakaya_lantern.png,,0,izakaya_lantern
:moyai:,http://www.emoji-cheat-sheet.com/graphics/emojis/moyai.png,,0,moyai
:circus_tent:,http://www.emoji-cheat-sheet.com/graphics/emojis/circus_tent.png,,0,circus_tent
:performing_arts:,http://www.emoji-cheat-sheet.com/graphics/emojis/performing_arts.png,,0,performing_arts
:round_pushpin:,http://www.emoji-cheat-sheet.com/graphics/emojis/round_pushpin.png,,0,round_pushpin
:triangular_flag_on_post:,http://www.emoji-cheat-sheet.com/graphics/emojis/triangular_flag_on_post.png,,0,triangular_flag_on_post
:jp:,http://www.emoji-cheat-sheet.com/graphics/emojis/jp.png,,0,jp
:kr:,http://www.emoji-cheat-sheet.com/graphics/emojis/kr.png,,0,kr
:cn:,http://www.emoji-cheat-sheet.com/graphics/emojis/cn.png,,0,cn
:us:,http://www.emoji-cheat-sheet.com/graphics/emojis/us.png,,0,us
:fr:,http://www.emoji-cheat-sheet.com/graphics/emojis/fr.png,,0,fr
:es:,http://www.emoji-cheat-sheet.com/graphics/emojis/es.png,,0,es
:it:,http://www.emoji-cheat-sheet.com/graphics/emojis/it.png,,0,it
:ru:,http://www.emoji-cheat-sheet.com/graphics/emojis/ru.png,,0,ru
:gb:,http://www.emoji-cheat-sheet.com/graphics/emojis/gb.png,,0,gb
:uk:,http://www.emoji-cheat-sheet.com/graphics/emojis/uk.png,,0,uk
:de:,http://www.emoji-cheat-sheet.com/graphics/emojis/de.png,,0,de
:one:,http://www.emoji-cheat-sheet.com/graphics/emojis/one.png,,0,one
:two:,http://www.emoji-cheat-sheet.com/graphics/emojis/two.png,,0,two
:three:,http://www.emoji-cheat-sheet.com/graphics/emojis/three.png,,0,three
:four:,http://www.emoji-cheat-sheet.com/graphics/emojis/four.png,,0,four
:five:,http://www.emoji-cheat-sheet.com/graphics/emojis/five.png,,0,five
:six:,http://www.emoji-cheat-sheet.com/graphics/emojis/six.png,,0,six
:seven:,http://www.emoji-cheat-sheet.com/graphics/emojis/seven.png,,0,seven
:eight:,http://www.emoji-cheat-sheet.com/graphics/emojis/eight.png,,0,eight
:nine:,http://www.emoji-cheat-sheet.com/graphics/emojis/nine.png,,0,nine
:keycap_ten:,http://www.emoji-cheat-sheet.com/graphics/emojis/keycap_ten.png,,0,keycap_ten
:1234:,http://www.emoji-cheat-sheet.com/graphics/emojis/1234.png,,0,1234
:zero:,http://www.emoji-cheat-sheet.com/graphics/emojis/zero.png,,0,zero
:hash:,http://www.emoji-cheat-sheet.com/graphics/emojis/hash.png,,0,hash
:symbols:,http://www.emoji-cheat-sheet.com/graphics/emojis/symbols.png,,0,symbols
:arrow_backward:,http://www.emoji-cheat-sheet.com/graphics/emojis/arrow_backward.png,,0,arrow_backward
:arrow_down:,http://www.emoji-cheat-sheet.com/graphics/emojis/arrow_down.png,,0,arrow_down
:arrow_forward:,http://www.emoji-cheat-sheet.com/graphics/emojis/arrow_forward.png,,0,arrow_forward
:arrow_left:,http://www.emoji-cheat-sheet.com/graphics/emojis/arrow_left.png,,0,arrow_left
:capital_abcd:,http://www.emoji-cheat-sheet.com/graphics/emojis/capital_abcd.png,,0,capital_abcd
:abcd:,http://www.emoji-cheat-sheet.com/graphics/emojis/abcd.png,,0,abcd
:abc:,http://www.emoji-cheat-sheet.com/graphics/emojis/abc.png,,0,abc
:arrow_lower_left:,http://www.emoji-cheat-sheet.com/graphics/emojis/arrow_lower_left.png,,0,arrow_lower_left
:arrow_lower_right:,http://www.emoji-cheat-sheet.com/graphics/emojis/arrow_lower_right.png,,0,arrow_lower_right
:arrow_right:,http://www.emoji-cheat-sheet.com/graphics/emojis/arrow_right.png,,0,arrow_right
:arrow_up:,http://www.emoji-cheat-sheet.com/graphics/emojis/arrow_up.png,,0,arrow_up
:arrow_upper_left:,http://www.emoji-cheat-sheet.com/graphics/emojis/arrow_upper_left.png,,0,arrow_upper_left
:arrow_upper_right:,http://www.emoji-cheat-sheet.com/graphics/emojis/arrow_upper_right.png,,0,arrow_upper_right
:arrow_double_down:,http://www.emoji-cheat-sheet.com/graphics/emojis/arrow_double_down.png,,0,arrow_double_down
:arrow_double_up:,http://www.emoji-cheat-sheet.com/graphics/emojis/arrow_double_up.png,,0,arrow_double_up
:arrow_down_small:,http://www.emoji-cheat-sheet.com/graphics/emojis/arrow_down_small.png,,0,arrow_down_small
:arrow_heading_down:,http://www.emoji-cheat-sheet.com/graphics/emojis/arrow_heading_down.png,,0,arrow_heading_down
:arrow_heading_up:,http://www.emoji-cheat-sheet.com/graphics/emojis/arrow_heading_up.png,,0,arrow_heading_up
:leftwards_arrow_with_hook:,http://www.emoji-cheat-sheet.com/graphics/emojis/leftwards_arrow_with_hook.png,,0,leftwards_arrow_with_hook
:arrow_right_hook:,http://www.emoji-cheat-sheet.com/graphics/emojis/arrow_right_hook.png,,0,arrow_right_hook
:left_right_arrow:,http://www.emoji-cheat-sheet.com/graphics/emojis/left_right_arrow.png,,0,left_right_arrow
:arrow_up_down:,http://www.emoji-cheat-sheet.com/graphics/emojis/arrow_up_down.png,,0,arrow_up_down
:arrow_up_small:,http://www.emoji-cheat-sheet.com/graphics/emojis/arrow_up_small.png,,0,arrow_up_small
:arrows_clockwise:,http://www.emoji-cheat-sheet.com/graphics/emojis/arrows_clockwise.png,,0,arrows_clockwise
:arrows_counterclockwise:,http://www.emoji-cheat-sheet.com/graphics/emojis/arrows_counterclockwise.png,,0,arrows_counterclockwise
:rewind:,http://www.emoji-cheat-sheet.com/graphics/emojis/rewind.png,,0,rewind
:fast_forward:,http://www.emoji-cheat-sheet.com/graphics/emojis/fast_forward.png,,0,fast_forward
:information_source:,http://www.emoji-cheat-sheet.com/graphics/emojis/information_source.png,,0,information_source
:ok:,http://www.emoji-cheat-sheet.com/graphics/emojis/ok.png,,0,ok
:twisted_rightwards_arrows:,http://www.emoji-cheat-sheet.com/graphics/emojis/twisted_rightwards_arrows.png,,0,twisted_rightwards_arrows
:repeat:,http://www.emoji-cheat-sheet.com/graphics/emojis/repeat.png,,0,repeat
:repeat_one:,http://www.emoji-cheat-sheet.com/graphics/emojis/repeat_one.png,,0,repeat_one
:new:,http://www.emoji-cheat-sheet.com/graphics/emojis/new.png,,0,new
:top:,http://www.emoji-cheat-sheet.com/graphics/emojis/top.png,,-1,top
:up:,http://www.emoji-cheat-sheet.com/graphics/emojis/up.png,,1,up
:cool:,http://www.emoji-cheat-sheet.com/graphics/emojis/cool.png,,1,cool
:free:,http://www.emoji-cheat-sheet.com/graphics/emojis/free.png,,0,free
:ng:,http://www.emoji-cheat-sheet.com/graphics/emojis/ng.png,,0,ng
:cinema:,http://www.emoji-cheat-sheet.com/graphics/emojis/cinema.png,,0,cinema
:koko:,http://www.emoji-cheat-sheet.com/graphics/emojis/koko.png,,0,koko
:signal_strength:,http://www.emoji-cheat-sheet.com/graphics/emojis/signal_strength.png,,0,signal_strength
:u5272:,http://www.emoji-cheat-sheet.com/graphics/emojis/u5272.png,,0,u5272
:u5408:,http://www.emoji-cheat-sheet.com/graphics/emojis/u5408.png,,0,u5408
:u55b6:,http://www.emoji-cheat-sheet.com/graphics/emojis/u55b6.png,,0,u55b6
:u6307:,http://www.emoji-cheat-sheet.com/graphics/emojis/u6307.png,,0,u6307
:u6708:,http://www.emoji-cheat-sheet.com/graphics/emojis/u6708.png,,0,u6708
:u6709:,http://www.emoji-cheat-sheet.com/graphics/emojis/u6709.png,,0,u6709
:u6e80:,http://www.emoji-cheat-sheet.com/graphics/emojis/u6e80.png,,0,u6e80
:u7121:,http://www.emoji-cheat-sheet.com/graphics/emojis/u7121.png,,0,u7121
:u7533:,http://www.emoji-cheat-sheet.com/graphics/emojis/u7533.png,,0,u7533
:u7a7a:,http://www.emoji-cheat-sheet.com/graphics/emojis/u7a7a.png,,0,u7a7a
:u7981:,http://www.emoji-cheat-sheet.com/graphics/emojis/u7981.png,,0,u7981
:sa:,http://www.emoji-cheat-sheet.com/graphics/emojis/sa.png,,0,sa
:restroom:,http://www.emoji-cheat-sheet.com/graphics/emojis/restroom.png,,0,restroom
:mens:,http://www.emoji-cheat-sheet.com/graphics/emojis/mens.png,,0,mens
:womens:,http://www.emoji-cheat-sheet.com/graphics/emojis/womens.png,,0,womens
:baby_symbol:,http://www.emoji-cheat-sheet.com/graphics/emojis/baby_symbol.png,,0,baby_symbol
:no_smoking:,http://www.emoji-cheat-sheet.com/graphics/emojis/no_smoking.png,,0,no_smoking
:parking:,http://www.emoji-cheat-sheet.com/graphics/emojis/parking.png,,0,parking
:wheelchair:,http://www.emoji-cheat-sheet.com/graphics/emojis/wheelchair.png,,0,wheelchair
:metro:,http://www.emoji-cheat-sheet.com/graphics/emojis/metro.png,,0,metro
:baggage_claim:,http://www.emoji-cheat-sheet.com/graphics/emojis/baggage_claim.png,,0,baggage_claim
:accept:,http://www.emoji-cheat-sheet.com/graphics/emojis/accept.png,,0,accept
:wc:,http://www.emoji-cheat-sheet.com/graphics/emojis/wc.png,,-1,wc
:potable_water:,http://www.emoji-cheat-sheet.com/graphics/emojis/potable_water.png,,0,potable_water
:put_litter_in_its_place:,http://www.emoji-cheat-sheet.com/graphics/emojis/put_litter_in_its_place.png,,-1,put_litter_in_its_place
:secret:,http://www.emoji-cheat-sheet.com/graphics/emojis/secret.png,,0,secret
:congratulations:,http://www.emoji-cheat-sheet.com/graphics/emojis/congratulations.png,,0,congratulations
:m:,http://www.emoji-cheat-sheet.com/graphics/emojis/m.png,,0,m
:passport_control:,http://www.emoji-cheat-sheet.com/graphics/emojis/passport_control.png,,0,passport_control
:left_luggage:,http://www.emoji-cheat-sheet.com/graphics/emojis/left_luggage.png,,0,left_luggage
:customs:,http://www.emoji-cheat-sheet.com/graphics/emojis/customs.png,,0,customs
:ideograph_advantage:,http://www.emoji-cheat-sheet.com/graphics/emojis/ideograph_advantage.png,,0,ideograph_advantage
:cl:,http://www.emoji-cheat-sheet.com/graphics/emojis/cl.png,,0,cl
:sos:,http://www.emoji-cheat-sheet.com/graphics/emojis/sos.png,,-1,sos
:id:,http://www.emoji-cheat-sheet.com/graphics/emojis/id.png,,0,id
:no_entry_sign:,http://www.emoji-cheat-sheet.com/graphics/emojis/no_entry_sign.png,,-1,no_entry_sign
:underage:,http://www.emoji-cheat-sheet.com/graphics/emojis/underage.png,,-1,underage
:no_mobile_phones:,http://www.emoji-cheat-sheet.com/graphics/emojis/no_mobile_phones.png,,-1,no_mobile_phones
:do_not_litter:,http://www.emoji-cheat-sheet.com/graphics/emojis/do_not_litter.png,,-1,do_not_litter
:non-potable_water:,http://www.emoji-cheat-sheet.com/graphics/emojis/non-potable_water.png,,-1,non-potable_water
:no_bicycles:,http://www.emoji-cheat-sheet.com/graphics/emojis/no_bicycles.png,,-1,no_bicycles
:no_pedestrians:,http://www.emoji-cheat-sheet.com/graphics/emojis/no_pedestrians.png,,-1,no_pedestrians
:children_crossing:,http://www.emoji-cheat-sheet.com/graphics/emojis/children_crossing.png,,0,children_crossing
:no_entry:,http://www.emoji-cheat-sheet.com/graphics/emojis/no_entry.png,,-1,no_entry
:eight_spoked_asterisk:,http://www.emoji-cheat-sheet.com/graphics/emojis/eight_spoked_asterisk.png,,0,eight_spoked_asterisk
:sparkle:,http://www.emoji-cheat-sheet.com/graphics/emojis/sparkle.png,,0,sparkle
:eight_pointed_black_star:,http://www.emoji-cheat-sheet.com/graphics/emojis/eight_pointed_black_star.png,,0,eight_pointed_black_star
:heart_decoration:,http://www.emoji-cheat-sheet.com/graphics/emojis/heart_decoration.png,,1,heart_decoration
:vs:,http://www.emoji-cheat-sheet.com/graphics/emojis/vs.png,,0,vs
:vibration_mode:,http://www.emoji-cheat-sheet.com/graphics/emojis/vibration_mode.png,,0,vibration_mode
:mobile_phone_off:,http://www.emoji-cheat-sheet.com/graphics/emojis/mobile_phone_off.png,,0,mobile_phone_off
:chart:,http://www.emoji-cheat-sheet.com/graphics/emojis/chart.png,,0,chart
:currency_exchange:,http://www.emoji-cheat-sheet.com/graphics/emojis/currency_exchange.png,,0,currency_exchange
:aries:,http://www.emoji-cheat-sheet.com/graphics/emojis/aries.png,,0,aries
:taurus:,http://www.emoji-cheat-sheet.com/graphics/emojis/taurus.png,,0,taurus
:gemini:,http://www.emoji-cheat-sheet.com/graphics/emojis/gemini.png,,0,gemini
:cancer:,http://www.emoji-cheat-sheet.com/graphics/emojis/cancer.png,,0,cancer
:leo:,http://www.emoji-cheat-sheet.com/graphics/emojis/leo.png,,0,leo
:virgo:,http://www.emoji-cheat-sheet.com/graphics/emojis/virgo.png,,0,virgo
:libra:,http://www.emoji-cheat-sheet.com/graphics/emojis/libra.png,,0,libra
:scorpius:,http://www.emoji-cheat-sheet.com/graphics/emojis/scorpius.png,,0,scorpius
:sagittarius:,http://www.emoji-cheat-sheet.com/graphics/emojis/sagittarius.png,,0,sagittarius
:capricorn:,http://www.emoji-cheat-sheet.com/graphics/emojis/capricorn.png,,0,capricorn
:aquarius:,http://www.emoji-cheat-sheet.com/graphics/emojis/aquarius.png,,0,aquarius
:pisces:,http://www.emoji-cheat-sheet.com/graphics/emojis/pisces.png,,0,pisces
:ophiuchus:,http://www.emoji-cheat-sheet.com/graphics/emojis/ophiuchus.png,,0,ophiuchus
:six_pointed_star:,http://www.emoji-cheat-sheet.com/graphics/emojis/six_pointed_star.png,,0,six_pointed_star
:negative_squared_cross_mark:,http://www.emoji-cheat-sheet.com/graphics/emojis/negative_squared_cross_mark.png,,-1,negative_squared_cross_mark
:a:,http://www.emoji-cheat-sheet.com/graphics/emojis/a.png,,0,a
:b:,http://www.emoji-cheat-sheet.com/graphics/emojis/b.png,,0,b
:ab:,http://www.emoji-cheat-sheet.com/graphics/emojis/ab.png,,0,ab
:o2:,http://www.emoji-cheat-sheet.com/graphics/emojis/o2.png,,0,o2
:diamond_shape_with_a_dot_inside:,http://www.emoji-cheat-sheet.com/graphics/emojis/diamond_shape_with_a_dot_inside.png,,0,diamond_shape_with_a_dot_inside
:recycle:,http://www.emoji-cheat-sheet.com/graphics/emojis/recycle.png,,0,recycle
:end:,http://www.emoji-cheat-sheet.com/graphics/emojis/end.png,,0,end
:back:,http://www.emoji-cheat-sheet.com/graphics/emojis/back.png,,0,back
:on:,http://www.emoji-cheat-sheet.com/graphics/emojis/on.png,,1,on
:soon:,http://www.emoji-cheat-sheet.com/graphics/emojis/soon.png,,0,soon
:clock1:,http://www.emoji-cheat-sheet.com/graphics/emojis/clock1.png,,0,clock1
:clock130:,http://www.emoji-cheat-sheet.com/graphics/emojis/clock130.png,,0,clock130
:clock10:,http://www.emoji-cheat-sheet.com/graphics/emojis/clock10.png,,0,clock10
:clock1030:,http://www.emoji-cheat-sheet.com/graphics/emojis/clock1030.png,,0,clock1030
:clock11:,http://www.emoji-cheat-sheet.com/graphics/emojis/clock11.png,,0,clock11
:clock1130:,http://www.emoji-cheat-sheet.com/graphics/emojis/clock1130.png,,0,clock1130
:clock12:,http://www.emoji-cheat-sheet.com/graphics/emojis/clock12.png,,0,clock12
:clock1230:,http://www.emoji-cheat-sheet.com/graphics/emojis/clock1230.png,,0,clock1230
:clock2:,http://www.emoji-cheat-sheet.com/graphics/emojis/clock2.png,,0,clock2
:clock230:,http://www.emoji-cheat-sheet.com/graphics/emojis/clock230.png,,0,clock230
:clock3:,http://www.emoji-cheat-sheet.com/graphics/emojis/clock3.png,,0,clock3
:clock330:,http://www.emoji-cheat-sheet.com/graphics/emojis/clock330.png,,0,clock330
:clock4:,http://www.emoji-cheat-sheet.com/graphics/emojis/clock4.png,,0,clock4
:clock430:,http://www.emoji-cheat-sheet.com/graphics/emojis/clock430.png,,0,clock430
:clock5:,http://www.emoji-cheat-sheet.com/graphics/emojis/clock5.png,,0,clock5
:clock530:,http://www.emoji-cheat-sheet.com/graphics/emojis/clock530.png,,0,clock530
:clock6:,http://www.emoji-cheat-sheet.com/graphics/emojis/clock6.png,,0,clock6
:clock630:,http://www.emoji-cheat-sheet.com/graphics/emojis/clock630.png,,0,clock630
:clock7:,http://www.emoji-cheat-sheet.com/graphics/emojis/clock7.png,,0,clock7
:clock730:,http://www.emoji-cheat-sheet.com/graphics/emojis/clock730.png,,0,clock730
:clock8:,http://www.emoji-cheat-sheet.com/graphics/emojis/clock8.png,,0,clock8
:clock830:,http://www.emoji-cheat-sheet.com/graphics/emojis/clock830.png,,0,clock830
:clock9:,http://www.emoji-cheat-sheet.com/graphics/emojis/clock9.png,,0,clock9
:clock930:,http://www.emoji-cheat-sheet.com/graphics/emojis/clock930.png,,0,clock930
:heavy_dollar_sign:,http://www.emoji-cheat-sheet.com/graphics/emojis/heavy_dollar_sign.png,,0,heavy_dollar_sign
:copyright:,http://www.emoji-cheat-sheet.com/graphics/emojis/copyright.png,,0,copyright
:registered:,http://www.emoji-cheat-sheet.com/graphics/emojis/registered.png,,0,registered
:tm:,http://www.emoji-cheat-sheet.com/graphics/emojis/tm.png,,0,tm
:x:,http://www.emoji-cheat-sheet.com/graphics/emojis/x.png,,-1,x
:heavy_exclamation_mark:,http://www.emoji-cheat-sheet.com/graphics/emojis/heavy_exclamation_mark.png,,0,heavy_exclamation_mark
:bangbang:,http://www.emoji-cheat-sheet.com/graphics/emojis/bangbang.png,,0,bangbang
:interrobang:,http://www.emoji-cheat-sheet.com/graphics/emojis/interrobang.png,,0,interrobang
:o:,http://www.emoji-cheat-sheet.com/graphics/emojis/o.png,,0,o
:heavy_multiplication_x:,http://www.emoji-cheat-sheet.com/graphics/emojis/heavy_multiplication_x.png,,-1,heavy_multiplication_x
:heavy_plus_sign:,http://www.emoji-cheat-sheet.com/graphics/emojis/heavy_plus_sign.png,,1,heavy_plus_sign
:heavy_minus_sign:,http://www.emoji-cheat-sheet.com/graphics/emojis/heavy_minus_sign.png,,-1,heavy_minus_sign
:heavy_division_sign:,http://www.emoji-cheat-sheet.com/graphics/emojis/heavy_division_sign.png,,0,heavy_division_sign
:white_flower:,http://www.emoji-cheat-sheet.com/graphics/emojis/white_flower.png,,0,white_flower
:100:,http://www.emoji-cheat-sheet.com/graphics/emojis/100.png,,1,100
:heavy_check_mark:,http://www.emoji-cheat-sheet.com/graphics/emojis/heavy_check_mark.png,,1,heavy_check_mark
:ballot_box_with_check:,http://www.emoji-cheat-sheet.com/graphics/emojis/ballot_box_with_check.png,,1,ballot_box_with_check
:radio_button:,http://www.emoji-cheat-sheet.com/graphics/emojis/radio_button.png,,0,radio_button
:link:,http://www.emoji-cheat-sheet.com/graphics/emojis/link.png,,0,link
:curly_loop:,http://www.emoji-cheat-sheet.com/graphics/emojis/curly_loop.png,,0,curly_loop
:wavy_dash:,http://www.emoji-cheat-sheet.com/graphics/emojis/wavy_dash.png,,0,wavy_dash
:part_alternation_mark:,http://www.emoji-cheat-sheet.com/graphics/emojis/part_alternation_mark.png,,-1,part_alternation_mark
:trident:,http://www.emoji-cheat-sheet.com/graphics/emojis/trident.png,,0,trident
:black_small_square:,http://www.emoji-cheat-sheet.com/graphics/emojis/black_small_square.png,,0,black_small_square
:white_small_square:,http://www.emoji-cheat-sheet.com/graphics/emojis/white_small_square.png,,0,white_small_square
:black_medium_small_square:,http://www.emoji-cheat-sheet.com/graphics/emojis/black_medium_small_square.png,,0,black_medium_small_square
:white_medium_small_square:,http://www.emoji-cheat-sheet.com/graphics/emojis/white_medium_small_square.png,,0,white_medium_small_square
:black_medium_square:,http://www.emoji-cheat-sheet.com/graphics/emojis/black_medium_square.png,,0,black_medium_square
:white_medium_square:,http://www.emoji-cheat-sheet.com/graphics/emojis/white_medium_square.png,,0,white_medium_square
:black_large_square:,http://www.emoji-cheat-sheet.com/graphics/emojis/black_square.png,,0,black_large_square
:white_large_square:,http://www.emoji-cheat-sheet.com/graphics/emojis/white_large_square.png,,0,white_large_square
:white_check_mark:,http://www.emoji-cheat-sheet.com/graphics/emojis/white_check_mark.png,,1,white_check_mark
:black_square_button:,http://www.emoji-cheat-sheet.com/graphics/emojis/black_square_button.png,,0,black_square_button
:white_square_button:,http://www.emoji-cheat-sheet.com/graphics/emojis/white_square_button.png,,0,white_square_button
:black_circle:,http://www.emoji-cheat-sheet.com/graphics/emojis/black_circle.png,,0,black_circle
:white_circle:,http://www.emoji-cheat-sheet.com/graphics/emojis/white_circle.png,,0,white_circle
:red_circle:,http://www.emoji-cheat-sheet.com/graphics/emojis/red_circle.png,,-1,red_circle
:large_blue_circle:,http://www.emoji-cheat-sheet.com/graphics/emojis/large_blue_circle.png,,0,large_blue_circle
:large_blue_diamond:,http://www.emoji-cheat-sheet.com/graphics/emojis/large_blue_diamond.png,,0,large_blue_diamond
:large_orange_diamond:,http://www.emoji-cheat-sheet.com/graphics/emojis/large_orange_diamond.png,,0,large_orange_diamond
:small_blue_diamond:,http://www.emoji-cheat-sheet.com/graphics/emojis/small_blue_diamond.png,,0,small_blue_diamond
:small_orange_diamond:,http://www.emoji-cheat-sheet.com/graphics/emojis/small_orange_diamond.png,,0,small_orange_diamond
:small_red_triangle:,http://www.emoji-cheat-sheet.com/graphics/emojis/small_red_triangle.png,,1,small_red_triangle
:small_red_triangle_down:,http://www.emoji-cheat-sheet.com/graphics/emojis/small_red_triangle_down.png,,-1,small_red_triangle_down
:shipit:,http://www.emoji-cheat-sheet.com/graphics/emojis/shipit.png,,1,shipit
